-- phpMyAdmin SQL Dump
-- version 3.5.2.2
-- http://www.phpmyadmin.net
--
-- Host: localhost
-- Generation Time: Oct 12, 2014 at 08:49 PM
-- Server version: 5.5.40
-- PHP Version: 5.4.33

SET SQL_MODE="NO_AUTO_VALUE_ON_ZERO";
SET time_zone = "+00:00";


/*!40101 SET @OLD_CHARACTER_SET_CLIENT=@@CHARACTER_SET_CLIENT */;
/*!40101 SET @OLD_CHARACTER_SET_RESULTS=@@CHARACTER_SET_RESULTS */;
/*!40101 SET @OLD_COLLATION_CONNECTION=@@COLLATION_CONNECTION */;
/*!40101 SET NAMES utf8 */;

--
-- Database: `daedalus`
--

-- --------------------------------------------------------

--
-- Table structure for table `Aithousa_Arxiki_Diathesimotita`
--

CREATE TABLE IF NOT EXISTS `Aithousa_Arxiki_Diathesimotita` (
  `ID_AAD` int(5) NOT NULL AUTO_INCREMENT,
  `ID_Aithousas` int(3) NOT NULL,
  `ID_Hour_Per_Day` int(3) NOT NULL,
  `diathesimotita` tinyint(1) NOT NULL,
  PRIMARY KEY (`ID_AAD`)
) ENGINE=MyISAM  DEFAULT CHARSET=utf8 AUTO_INCREMENT=1014 ;

--
-- Dumping data for table `Aithousa_Arxiki_Diathesimotita`
--

INSERT INTO `Aithousa_Arxiki_Diathesimotita` (`ID_AAD`, `ID_Aithousas`, `ID_Hour_Per_Day`, `diathesimotita`) VALUES
(1, 1, 1, 0),
(2, 1, 2, 0),
(3, 1, 3, 0),
(4, 1, 4, 1),
(5, 1, 5, 1),
(6, 1, 6, 1),
(7, 1, 7, 1),
(8, 1, 8, 1),
(9, 1, 9, 1),
(10, 1, 10, 1),
(11, 1, 11, 1),
(12, 1, 12, 1),
(13, 1, 13, 1),
(14, 1, 14, 1),
(15, 1, 15, 1),
(16, 1, 16, 1),
(17, 1, 17, 1),
(18, 1, 18, 1),
(19, 1, 19, 1),
(20, 1, 20, 1),
(21, 1, 21, 1),
(22, 1, 22, 1),
(23, 1, 23, 1),
(24, 1, 24, 1),
(25, 1, 25, 1),
(26, 1, 26, 1),
(27, 1, 27, 1),
(28, 1, 28, 1),
(29, 1, 29, 1),
(30, 1, 30, 1),
(31, 1, 31, 1),
(32, 1, 31, 1),
(33, 1, 32, 1),
(34, 1, 33, 1),
(35, 1, 34, 1),
(36, 1, 35, 1),
(37, 1, 36, 1),
(38, 1, 37, 1),
(39, 1, 38, 1),
(40, 1, 39, 1),
(41, 1, 40, 1),
(42, 1, 41, 1),
(43, 1, 42, 1),
(44, 1, 43, 1),
(45, 1, 44, 1),
(46, 1, 45, 1),
(47, 1, 46, 1),
(48, 1, 47, 1),
(49, 1, 48, 1),
(50, 1, 49, 1),
(51, 1, 50, 1),
(52, 1, 51, 1),
(53, 1, 52, 1),
(54, 1, 53, 1),
(55, 1, 55, 1),
(56, 1, 56, 1),
(57, 1, 57, 1),
(58, 1, 58, 1),
(59, 1, 59, 1),
(60, 1, 60, 1),
(61, 1, 61, 1),
(62, 1, 62, 1),
(63, 1, 63, 1),
(64, 1, 64, 1),
(65, 1, 65, 1),
(66, 1, 66, 1),
(67, 1, 67, 1),
(68, 1, 67, 1),
(69, 1, 68, 1),
(70, 1, 69, 1),
(71, 1, 70, 1),
(72, 1, 71, 1),
(73, 1, 72, 1),
(74, 1, 73, 1),
(75, 1, 74, 1),
(76, 1, 75, 1),
(77, 1, 76, 1),
(78, 1, 77, 1),
(79, 1, 78, 1),
(80, 1, 79, 1),
(81, 1, 80, 1),
(82, 1, 81, 1),
(83, 1, 82, 1),
(84, 1, 83, 1),
(85, 1, 84, 1),
(86, 1, 54, 1),
(87, 2, 1, 0),
(88, 2, 2, 0),
(89, 2, 3, 0),
(90, 2, 4, 1),
(91, 2, 5, 1),
(92, 2, 6, 1),
(93, 2, 7, 1),
(94, 2, 8, 1),
(95, 2, 9, 1),
(96, 2, 10, 1),
(97, 2, 11, 1),
(98, 2, 12, 1),
(99, 2, 13, 1),
(100, 2, 14, 1),
(101, 2, 15, 1),
(102, 2, 16, 1),
(103, 2, 17, 1),
(104, 2, 18, 1),
(105, 2, 19, 1),
(106, 2, 20, 1),
(107, 2, 21, 1),
(108, 2, 22, 1),
(109, 2, 23, 1),
(110, 2, 24, 1),
(111, 2, 25, 1),
(112, 2, 26, 1),
(113, 2, 27, 1),
(114, 2, 28, 1),
(115, 2, 29, 1),
(116, 2, 30, 1),
(117, 2, 31, 1),
(118, 2, 32, 1),
(119, 2, 33, 1),
(120, 2, 34, 1),
(121, 2, 35, 1),
(122, 2, 36, 1),
(123, 2, 37, 1),
(124, 2, 38, 1),
(125, 2, 39, 1),
(126, 2, 40, 1),
(127, 2, 41, 1),
(128, 2, 42, 1),
(129, 2, 43, 1),
(130, 2, 44, 1),
(131, 2, 45, 1),
(132, 2, 46, 1),
(133, 2, 47, 1),
(134, 2, 48, 1),
(135, 2, 49, 1),
(136, 2, 50, 1),
(137, 2, 51, 1),
(138, 2, 52, 1),
(139, 2, 53, 1),
(140, 2, 54, 1),
(141, 2, 55, 1),
(142, 2, 56, 1),
(143, 2, 57, 1),
(144, 2, 58, 1),
(145, 2, 59, 1),
(146, 2, 60, 1),
(147, 2, 61, 1),
(148, 2, 62, 1),
(149, 2, 63, 1),
(150, 2, 64, 1),
(151, 2, 65, 1),
(152, 2, 66, 1),
(153, 2, 67, 1),
(154, 2, 68, 1),
(155, 2, 69, 1),
(156, 2, 70, 1),
(157, 2, 71, 1),
(158, 2, 72, 1),
(159, 2, 73, 1),
(160, 2, 74, 1),
(161, 2, 75, 1),
(162, 2, 76, 1),
(163, 2, 77, 1),
(164, 2, 78, 1),
(165, 2, 79, 1),
(166, 2, 80, 1),
(167, 2, 81, 1),
(168, 2, 82, 1),
(169, 2, 83, 1),
(170, 2, 84, 1),
(171, 3, 1, 1),
(172, 3, 2, 1),
(173, 3, 3, 1),
(174, 3, 4, 1),
(175, 3, 5, 1),
(176, 3, 6, 1),
(177, 3, 7, 1),
(178, 3, 8, 1),
(179, 3, 9, 1),
(180, 3, 10, 1),
(181, 3, 11, 1),
(182, 3, 12, 1),
(183, 3, 13, 1),
(184, 3, 14, 1),
(185, 3, 15, 1),
(186, 3, 16, 1),
(187, 3, 17, 1),
(188, 3, 18, 1),
(189, 3, 19, 1),
(190, 3, 20, 1),
(191, 3, 21, 1),
(192, 3, 22, 1),
(193, 3, 23, 1),
(194, 3, 24, 1),
(195, 3, 25, 1),
(196, 3, 26, 1),
(197, 3, 27, 1),
(198, 3, 28, 1),
(199, 3, 29, 1),
(200, 3, 30, 1),
(201, 3, 31, 1),
(202, 3, 32, 1),
(203, 3, 33, 1),
(204, 3, 34, 1),
(205, 3, 35, 1),
(206, 3, 36, 1),
(207, 3, 37, 1),
(208, 3, 38, 1),
(209, 3, 39, 1),
(210, 3, 40, 1),
(211, 3, 41, 1),
(212, 3, 42, 1),
(213, 3, 43, 1),
(214, 3, 44, 1),
(215, 3, 45, 1),
(216, 3, 46, 1),
(217, 3, 47, 1),
(218, 3, 48, 1),
(219, 3, 49, 1),
(220, 3, 50, 1),
(221, 3, 51, 1),
(222, 3, 52, 1),
(223, 3, 53, 1),
(224, 3, 54, 1),
(225, 3, 55, 1),
(226, 3, 56, 1),
(227, 3, 57, 1),
(228, 3, 58, 1),
(229, 3, 59, 1),
(230, 3, 60, 1),
(231, 3, 61, 1),
(232, 3, 62, 1),
(233, 3, 63, 1),
(234, 3, 64, 1),
(235, 3, 65, 1),
(236, 3, 66, 1),
(237, 3, 67, 1),
(238, 3, 68, 1),
(239, 3, 69, 1),
(240, 3, 70, 1),
(241, 3, 71, 1),
(242, 3, 72, 1),
(243, 3, 73, 1),
(244, 3, 74, 1),
(245, 3, 75, 1),
(246, 3, 76, 1),
(247, 3, 76, 1),
(248, 3, 77, 1),
(249, 3, 78, 1),
(250, 3, 79, 1),
(251, 3, 80, 1),
(252, 3, 81, 1),
(253, 3, 82, 1),
(254, 3, 83, 1),
(255, 3, 84, 1),
(256, 4, 1, 1),
(257, 4, 2, 1),
(258, 4, 3, 1),
(259, 4, 4, 1),
(260, 4, 5, 1),
(261, 4, 6, 1),
(262, 4, 7, 1),
(263, 4, 8, 1),
(264, 4, 9, 1),
(265, 4, 10, 1),
(266, 4, 11, 1),
(267, 4, 12, 1),
(268, 4, 13, 1),
(269, 4, 14, 1),
(270, 4, 15, 1),
(271, 4, 16, 1),
(272, 4, 17, 1),
(273, 4, 18, 1),
(274, 4, 19, 1),
(275, 4, 20, 1),
(276, 4, 21, 1),
(277, 4, 22, 1),
(278, 4, 23, 1),
(279, 4, 24, 1),
(280, 4, 25, 1),
(281, 4, 26, 1),
(282, 4, 27, 1),
(283, 4, 28, 1),
(284, 4, 29, 1),
(285, 4, 30, 1),
(286, 4, 31, 1),
(287, 4, 32, 1),
(288, 4, 33, 1),
(289, 4, 34, 1),
(290, 4, 35, 1),
(291, 4, 36, 1),
(292, 4, 37, 1),
(293, 4, 38, 1),
(294, 4, 39, 1),
(295, 4, 40, 1),
(296, 4, 41, 1),
(297, 4, 42, 1),
(298, 4, 43, 1),
(299, 4, 44, 1),
(300, 4, 45, 1),
(301, 4, 46, 1),
(302, 4, 47, 1),
(303, 4, 48, 1),
(304, 4, 49, 1),
(305, 4, 50, 1),
(306, 4, 51, 1),
(307, 4, 52, 1),
(308, 4, 53, 1),
(309, 4, 54, 1),
(310, 4, 55, 1),
(311, 4, 56, 1),
(312, 4, 57, 1),
(313, 4, 58, 1),
(314, 4, 59, 1),
(315, 4, 60, 1),
(316, 4, 61, 1),
(317, 4, 62, 1),
(318, 4, 63, 1),
(319, 4, 64, 1),
(320, 4, 65, 1),
(321, 4, 66, 1),
(322, 4, 67, 1),
(323, 4, 68, 1),
(324, 4, 69, 1),
(325, 4, 70, 1),
(326, 4, 71, 1),
(327, 4, 72, 1),
(328, 4, 73, 1),
(329, 4, 74, 1),
(330, 4, 75, 1),
(331, 4, 76, 1),
(332, 4, 77, 1),
(333, 4, 78, 1),
(334, 4, 79, 1),
(335, 4, 80, 1),
(336, 4, 81, 1),
(337, 4, 83, 1),
(338, 4, 84, 1),
(342, 5, 1, 1),
(341, 4, 82, 1),
(343, 5, 2, 1),
(344, 5, 3, 1),
(345, 5, 4, 1),
(346, 5, 5, 1),
(347, 5, 6, 1),
(348, 5, 7, 1),
(349, 5, 8, 1),
(350, 5, 9, 1),
(351, 5, 10, 1),
(352, 5, 11, 1),
(353, 5, 12, 1),
(354, 5, 13, 1),
(355, 5, 14, 1),
(356, 5, 15, 1),
(357, 5, 16, 1),
(358, 5, 17, 1),
(359, 5, 18, 1),
(360, 5, 19, 1),
(361, 5, 20, 1),
(362, 5, 21, 1),
(363, 5, 22, 1),
(364, 5, 23, 1),
(365, 5, 24, 1),
(366, 5, 25, 1),
(367, 5, 26, 1),
(368, 5, 27, 1),
(369, 5, 28, 1),
(370, 5, 29, 1),
(371, 5, 30, 1),
(372, 5, 31, 1),
(373, 5, 32, 1),
(374, 5, 33, 1),
(375, 5, 34, 1),
(376, 5, 35, 1),
(377, 5, 36, 1),
(378, 5, 37, 1),
(379, 5, 38, 1),
(380, 5, 39, 1),
(381, 5, 40, 1),
(382, 5, 41, 1),
(383, 5, 42, 1),
(384, 5, 43, 1),
(385, 5, 44, 1),
(386, 5, 45, 1),
(387, 5, 46, 1),
(388, 5, 47, 1),
(389, 5, 48, 1),
(390, 5, 49, 1),
(391, 5, 50, 1),
(392, 5, 51, 1),
(393, 5, 52, 1),
(394, 5, 53, 1),
(395, 5, 54, 1),
(396, 5, 55, 1),
(397, 5, 56, 1),
(398, 5, 57, 1),
(399, 5, 58, 1),
(400, 5, 59, 1),
(401, 5, 60, 1),
(402, 5, 61, 1),
(403, 5, 62, 1),
(404, 5, 63, 1),
(405, 5, 64, 1),
(406, 5, 65, 1),
(407, 5, 66, 1),
(408, 5, 67, 1),
(409, 5, 68, 1),
(410, 5, 69, 1),
(411, 5, 70, 1),
(412, 5, 71, 1),
(413, 5, 72, 1),
(414, 5, 73, 1),
(415, 5, 74, 1),
(416, 5, 75, 1),
(417, 5, 76, 1),
(418, 5, 77, 1),
(419, 5, 78, 1),
(420, 5, 79, 1),
(421, 5, 80, 1),
(422, 5, 81, 1),
(423, 5, 82, 1),
(424, 5, 83, 1),
(425, 5, 84, 1),
(426, 6, 1, 1),
(427, 6, 2, 1),
(428, 6, 3, 1),
(429, 6, 4, 1),
(430, 6, 5, 1),
(431, 6, 6, 1),
(432, 6, 7, 1),
(433, 6, 8, 1),
(434, 6, 9, 1),
(435, 6, 10, 1),
(436, 6, 11, 1),
(437, 6, 12, 1),
(438, 6, 13, 1),
(439, 6, 14, 1),
(440, 6, 15, 1),
(441, 6, 16, 1),
(442, 6, 17, 1),
(443, 6, 18, 1),
(444, 6, 19, 1),
(445, 6, 20, 1),
(446, 6, 21, 1),
(447, 6, 22, 1),
(448, 6, 23, 1),
(449, 6, 24, 1),
(450, 6, 25, 1),
(451, 6, 26, 1),
(452, 6, 27, 1),
(453, 6, 28, 1),
(454, 6, 29, 1),
(455, 6, 30, 1),
(456, 6, 31, 1),
(457, 6, 32, 1),
(458, 6, 33, 1),
(459, 6, 34, 1),
(460, 6, 35, 1),
(461, 6, 36, 1),
(462, 6, 37, 1),
(463, 6, 38, 1),
(464, 6, 39, 1),
(465, 6, 40, 1),
(466, 6, 41, 1),
(467, 6, 42, 1),
(468, 6, 43, 1),
(469, 6, 44, 1),
(470, 6, 45, 1),
(471, 6, 46, 1),
(472, 6, 47, 1),
(473, 6, 48, 1),
(474, 6, 49, 1),
(475, 6, 50, 1),
(476, 6, 51, 1),
(477, 6, 52, 1),
(478, 6, 53, 1),
(479, 6, 54, 1),
(480, 6, 55, 1),
(481, 6, 56, 1),
(482, 6, 57, 1),
(483, 6, 58, 1),
(484, 6, 59, 1),
(485, 6, 60, 1),
(486, 6, 61, 1),
(487, 6, 62, 1),
(488, 6, 63, 1),
(489, 6, 64, 1),
(490, 6, 65, 1),
(491, 6, 66, 1),
(492, 6, 67, 1),
(493, 6, 68, 1),
(494, 6, 69, 1),
(495, 6, 70, 1),
(496, 6, 71, 1),
(497, 6, 72, 1),
(498, 6, 73, 1),
(499, 6, 74, 1),
(500, 6, 75, 1),
(501, 6, 76, 1),
(502, 6, 77, 1),
(503, 6, 78, 1),
(504, 6, 79, 1),
(505, 6, 80, 1),
(506, 6, 81, 1),
(507, 6, 82, 1),
(508, 6, 83, 1),
(509, 6, 84, 1),
(510, 7, 1, 1),
(511, 7, 2, 1),
(512, 7, 3, 1),
(513, 7, 4, 1),
(514, 7, 5, 1),
(515, 7, 6, 1),
(516, 7, 7, 1),
(517, 7, 8, 1),
(518, 7, 9, 1),
(519, 7, 10, 1),
(520, 7, 11, 1),
(521, 7, 12, 1),
(522, 7, 13, 1),
(523, 7, 14, 1),
(524, 7, 15, 1),
(525, 7, 16, 1),
(526, 7, 17, 1),
(527, 7, 18, 1),
(528, 7, 19, 1),
(529, 7, 20, 1),
(530, 7, 21, 1),
(531, 7, 22, 1),
(532, 7, 23, 1),
(533, 7, 24, 1),
(534, 7, 25, 1),
(535, 7, 26, 1),
(536, 7, 27, 1),
(537, 7, 28, 1),
(538, 7, 29, 1),
(539, 7, 30, 1),
(540, 7, 31, 1),
(541, 7, 32, 1),
(542, 7, 33, 1),
(543, 7, 34, 1),
(544, 7, 35, 1),
(545, 7, 36, 1),
(546, 7, 37, 1),
(547, 7, 38, 1),
(548, 7, 39, 1),
(549, 7, 40, 1),
(550, 7, 41, 1),
(551, 7, 42, 1),
(552, 7, 43, 1),
(553, 7, 44, 1),
(554, 7, 45, 1),
(555, 7, 46, 1),
(556, 7, 47, 1),
(557, 7, 48, 1),
(558, 7, 49, 1),
(559, 7, 50, 1),
(560, 7, 51, 1),
(561, 7, 52, 1),
(562, 7, 53, 1),
(563, 7, 54, 1),
(564, 7, 55, 1),
(565, 7, 56, 1),
(566, 7, 57, 1),
(567, 7, 58, 1),
(568, 7, 59, 1),
(569, 7, 60, 1),
(570, 7, 61, 1),
(571, 7, 62, 1),
(572, 7, 63, 1),
(573, 7, 64, 1),
(574, 7, 65, 1),
(575, 7, 66, 1),
(576, 7, 67, 1),
(577, 7, 68, 1),
(578, 7, 69, 1),
(579, 7, 70, 1),
(580, 7, 71, 1),
(581, 7, 72, 1),
(582, 7, 73, 1),
(583, 7, 74, 1),
(584, 7, 75, 1),
(585, 7, 76, 1),
(586, 7, 77, 1),
(587, 7, 78, 1),
(588, 7, 79, 1),
(589, 7, 80, 1),
(590, 7, 81, 1),
(591, 7, 82, 1),
(592, 7, 83, 1),
(593, 7, 84, 1),
(594, 8, 1, 1),
(595, 8, 2, 1),
(596, 8, 3, 1),
(597, 8, 4, 1),
(598, 8, 5, 1),
(599, 8, 6, 1),
(600, 8, 7, 1),
(601, 8, 8, 1),
(602, 8, 9, 1),
(603, 8, 10, 1),
(604, 8, 11, 1),
(605, 8, 12, 1),
(606, 8, 13, 1),
(607, 8, 14, 1),
(608, 8, 15, 1),
(609, 8, 16, 1),
(610, 8, 17, 1),
(611, 8, 18, 1),
(612, 8, 19, 1),
(613, 8, 20, 1),
(614, 8, 21, 1),
(615, 8, 22, 1),
(616, 8, 23, 1),
(617, 8, 24, 1),
(618, 8, 25, 1),
(619, 8, 26, 1),
(620, 8, 27, 1),
(621, 8, 28, 1),
(622, 8, 29, 1),
(623, 8, 30, 1),
(624, 8, 31, 1),
(625, 8, 32, 1),
(626, 8, 33, 1),
(627, 8, 34, 1),
(628, 8, 35, 1),
(629, 8, 36, 1),
(630, 8, 37, 1),
(631, 8, 38, 1),
(632, 8, 39, 1),
(633, 8, 40, 1),
(634, 8, 41, 1),
(635, 8, 42, 1),
(636, 8, 43, 1),
(637, 8, 44, 1),
(638, 8, 45, 1),
(639, 8, 46, 1),
(640, 8, 47, 1),
(641, 8, 48, 1),
(642, 8, 49, 1),
(643, 8, 50, 1),
(644, 8, 51, 1),
(645, 8, 52, 1),
(646, 8, 53, 1),
(647, 8, 54, 1),
(648, 8, 55, 1),
(649, 8, 56, 1),
(650, 8, 57, 1),
(651, 8, 58, 1),
(652, 8, 59, 1),
(653, 8, 60, 1),
(654, 8, 61, 1),
(655, 8, 62, 1),
(656, 8, 63, 1),
(657, 8, 64, 1),
(658, 8, 65, 1),
(659, 8, 66, 1),
(660, 8, 67, 1),
(661, 8, 68, 1),
(662, 8, 69, 1),
(663, 8, 70, 1),
(664, 8, 71, 1),
(665, 8, 72, 1),
(666, 8, 73, 1),
(667, 8, 74, 1),
(668, 8, 75, 1),
(669, 8, 76, 1),
(670, 8, 77, 1),
(671, 8, 78, 1),
(672, 8, 79, 1),
(673, 8, 80, 1),
(674, 8, 81, 1),
(675, 8, 82, 1),
(676, 8, 83, 1),
(677, 8, 84, 1),
(678, 9, 1, 1),
(679, 9, 2, 1),
(680, 9, 3, 1),
(681, 9, 4, 1),
(682, 9, 5, 1),
(683, 9, 6, 1),
(684, 9, 7, 1),
(685, 9, 8, 1),
(686, 9, 9, 1),
(687, 9, 10, 1),
(688, 9, 11, 1),
(689, 9, 12, 1),
(690, 9, 13, 1),
(691, 9, 14, 1),
(692, 9, 15, 1),
(693, 9, 16, 1),
(694, 9, 17, 1),
(695, 9, 18, 1),
(696, 9, 19, 1),
(697, 9, 20, 1),
(698, 9, 21, 1),
(699, 9, 22, 1),
(700, 9, 23, 1),
(701, 9, 24, 1),
(702, 9, 25, 1),
(703, 9, 26, 1),
(704, 9, 27, 1),
(705, 9, 28, 1),
(706, 9, 29, 1),
(707, 9, 30, 1),
(708, 9, 31, 1),
(709, 9, 32, 1),
(710, 9, 33, 1),
(711, 9, 34, 1),
(712, 9, 35, 1),
(713, 9, 36, 1),
(714, 9, 37, 1),
(715, 9, 38, 1),
(716, 9, 39, 1),
(717, 9, 40, 1),
(718, 9, 41, 1),
(719, 9, 42, 1),
(720, 9, 43, 1),
(721, 9, 44, 1),
(722, 9, 45, 1),
(723, 9, 46, 1),
(724, 9, 47, 1),
(725, 9, 48, 1),
(726, 9, 49, 1),
(727, 9, 50, 1),
(728, 9, 51, 1),
(729, 9, 52, 1),
(730, 9, 53, 1),
(731, 9, 54, 1),
(732, 9, 55, 1),
(733, 9, 56, 1),
(734, 9, 57, 1),
(735, 9, 58, 1),
(736, 9, 59, 1),
(737, 9, 60, 1),
(738, 9, 61, 1),
(739, 9, 62, 1),
(740, 9, 63, 1),
(741, 9, 64, 1),
(742, 9, 65, 1),
(743, 9, 66, 1),
(744, 9, 67, 1),
(745, 9, 68, 1),
(746, 9, 69, 1),
(747, 9, 70, 1),
(748, 9, 71, 1),
(749, 9, 72, 1),
(750, 9, 73, 1),
(751, 9, 74, 1),
(752, 9, 75, 1),
(753, 9, 76, 1),
(754, 9, 77, 1),
(755, 9, 78, 1),
(756, 9, 79, 1),
(757, 9, 80, 1),
(758, 9, 81, 1),
(759, 9, 82, 1),
(760, 9, 83, 1),
(761, 9, 84, 1),
(762, 10, 1, 1),
(763, 10, 2, 1),
(764, 10, 3, 1),
(765, 10, 4, 1),
(766, 10, 5, 1),
(767, 10, 6, 1),
(768, 10, 7, 1),
(769, 10, 8, 1),
(770, 10, 9, 1),
(771, 10, 10, 1),
(772, 10, 11, 1),
(773, 10, 12, 1),
(774, 10, 13, 1),
(775, 10, 14, 1),
(776, 10, 15, 1),
(777, 10, 16, 1),
(778, 10, 17, 1),
(779, 10, 18, 1),
(780, 10, 19, 1),
(781, 10, 20, 1),
(782, 10, 21, 1),
(783, 10, 22, 1),
(784, 10, 23, 1),
(785, 10, 24, 1),
(786, 10, 25, 1),
(787, 10, 26, 1),
(788, 10, 27, 1),
(789, 10, 28, 1),
(790, 10, 29, 1),
(791, 10, 30, 1),
(792, 10, 31, 1),
(793, 10, 32, 1),
(794, 10, 33, 1),
(795, 10, 34, 1),
(796, 10, 35, 1),
(797, 10, 36, 1),
(798, 10, 37, 1),
(799, 10, 38, 1),
(800, 10, 39, 1),
(801, 10, 40, 1),
(802, 10, 41, 1),
(803, 10, 42, 1),
(804, 10, 43, 1),
(805, 10, 44, 1),
(806, 10, 45, 1),
(807, 10, 46, 1),
(808, 10, 47, 1),
(809, 10, 48, 1),
(810, 10, 49, 1),
(811, 10, 50, 1),
(812, 10, 51, 1),
(813, 10, 52, 1),
(814, 10, 53, 1),
(815, 10, 54, 1),
(816, 10, 55, 1),
(817, 10, 56, 1),
(818, 10, 57, 1),
(819, 10, 58, 1),
(820, 10, 59, 1),
(821, 10, 60, 1),
(822, 10, 61, 1),
(823, 10, 62, 1),
(824, 10, 63, 1),
(825, 10, 64, 1),
(826, 10, 65, 1),
(827, 10, 66, 1),
(828, 10, 67, 1),
(829, 10, 68, 1),
(830, 10, 69, 1),
(831, 10, 70, 1),
(832, 10, 71, 1),
(833, 10, 72, 1),
(834, 10, 73, 1),
(835, 10, 74, 1),
(836, 10, 75, 1),
(837, 10, 76, 1),
(838, 10, 77, 1),
(839, 10, 78, 1),
(840, 10, 79, 1),
(841, 10, 80, 1),
(842, 10, 81, 1),
(843, 10, 82, 1),
(844, 10, 83, 1),
(845, 10, 84, 1),
(846, 11, 1, 1),
(847, 11, 2, 1),
(848, 11, 3, 1),
(849, 11, 4, 1),
(850, 11, 5, 1),
(851, 11, 6, 1),
(852, 11, 7, 1),
(853, 11, 8, 1),
(854, 11, 9, 1),
(855, 11, 10, 1),
(856, 11, 11, 1),
(857, 11, 12, 1),
(858, 11, 13, 1),
(859, 11, 14, 1),
(860, 11, 15, 1),
(861, 11, 16, 1),
(862, 11, 17, 1),
(863, 11, 18, 1),
(864, 11, 19, 1),
(865, 11, 20, 1),
(866, 11, 21, 1),
(867, 11, 22, 1),
(868, 11, 23, 1),
(869, 11, 24, 1),
(870, 11, 25, 1),
(871, 11, 26, 1),
(872, 11, 27, 1),
(873, 11, 28, 1),
(874, 11, 29, 1),
(875, 11, 30, 1),
(876, 11, 31, 1),
(877, 11, 32, 1),
(878, 11, 33, 1),
(879, 11, 34, 1),
(880, 11, 35, 1),
(881, 11, 36, 1),
(882, 11, 37, 1),
(883, 11, 38, 1),
(884, 11, 39, 1),
(885, 11, 40, 1),
(886, 11, 41, 1),
(887, 11, 42, 1),
(888, 11, 43, 1),
(889, 11, 44, 1),
(890, 11, 45, 1),
(891, 11, 46, 1),
(892, 11, 47, 1),
(893, 11, 48, 1),
(894, 11, 49, 1),
(895, 11, 50, 1),
(896, 11, 51, 1),
(897, 11, 52, 1),
(898, 11, 53, 1),
(899, 11, 54, 1),
(900, 11, 55, 1),
(901, 11, 56, 1),
(902, 11, 57, 1),
(903, 11, 58, 1),
(904, 11, 59, 1),
(905, 11, 60, 1),
(906, 11, 61, 1),
(907, 11, 62, 1),
(908, 11, 63, 1),
(909, 11, 64, 1),
(910, 11, 65, 1),
(911, 11, 66, 1),
(912, 11, 67, 1),
(913, 11, 68, 1),
(914, 11, 69, 1),
(915, 11, 70, 1),
(916, 11, 71, 1),
(917, 11, 72, 1),
(918, 11, 73, 1),
(919, 11, 74, 1),
(920, 11, 75, 1),
(921, 11, 76, 1),
(922, 11, 77, 1),
(923, 11, 78, 1),
(924, 11, 79, 1),
(925, 11, 80, 1),
(926, 11, 81, 1),
(927, 11, 82, 1),
(928, 11, 83, 1),
(929, 11, 84, 1),
(930, 12, 1, 1),
(931, 12, 2, 1),
(932, 12, 3, 1),
(933, 12, 4, 1),
(934, 12, 5, 1),
(935, 12, 6, 1),
(936, 12, 7, 1),
(937, 12, 8, 1),
(938, 12, 9, 1),
(939, 12, 10, 1),
(940, 12, 11, 1),
(941, 12, 12, 1),
(942, 12, 13, 1),
(943, 12, 14, 1),
(944, 12, 15, 1),
(945, 12, 16, 1),
(946, 12, 17, 1),
(947, 12, 18, 1),
(948, 12, 19, 1),
(949, 12, 20, 1),
(950, 12, 21, 1),
(951, 12, 22, 1),
(952, 12, 23, 1),
(953, 12, 24, 1),
(954, 12, 25, 1),
(955, 12, 26, 1),
(956, 12, 27, 1),
(957, 12, 28, 1),
(958, 12, 29, 1),
(959, 12, 30, 1),
(960, 12, 31, 1),
(961, 12, 32, 1),
(962, 12, 33, 1),
(963, 12, 34, 1),
(964, 12, 35, 1),
(965, 12, 36, 1),
(966, 12, 37, 1),
(967, 12, 38, 1),
(968, 12, 39, 1),
(969, 12, 40, 1),
(970, 12, 41, 1),
(971, 12, 42, 1),
(972, 12, 43, 1),
(973, 12, 44, 1),
(974, 12, 45, 1),
(975, 12, 46, 1),
(976, 12, 47, 1),
(977, 12, 48, 1),
(978, 12, 49, 1),
(979, 12, 50, 1),
(980, 12, 51, 1),
(981, 12, 52, 1),
(982, 12, 53, 1),
(983, 12, 54, 1),
(984, 12, 55, 1),
(985, 12, 56, 1),
(986, 12, 57, 1),
(987, 12, 58, 1),
(988, 12, 59, 1),
(989, 12, 60, 1),
(990, 12, 61, 1),
(991, 12, 62, 1),
(992, 12, 63, 1),
(993, 12, 64, 1),
(994, 12, 65, 1),
(995, 12, 66, 1),
(996, 12, 67, 1),
(997, 12, 68, 1),
(998, 12, 69, 1),
(999, 12, 70, 1),
(1000, 12, 71, 1),
(1001, 12, 72, 1),
(1002, 12, 73, 1),
(1003, 12, 74, 1),
(1004, 12, 75, 1),
(1005, 12, 76, 1),
(1006, 12, 77, 1),
(1007, 12, 78, 1),
(1008, 12, 79, 1),
(1009, 12, 80, 1),
(1010, 12, 81, 1),
(1011, 12, 82, 1),
(1012, 12, 83, 1),
(1013, 12, 84, 1);

-- --------------------------------------------------------

--
-- Table structure for table `Aithousa_Orismos`
--

CREATE TABLE IF NOT EXISTS `Aithousa_Orismos` (
  `ID_Aithousas` int(3) NOT NULL AUTO_INCREMENT,
  `onoma` varchar(30) NOT NULL,
  `ID_Ktiriou` varchar(30) NOT NULL,
  `ID_Xwritikotitas` int(3) DEFAULT NULL,
  `ID_TAithousas` int(1) NOT NULL COMMENT '1: Θεωρία, 2: Εργαστήριο',
  `orofos` int(1) NOT NULL,
  PRIMARY KEY (`ID_Aithousas`)
) ENGINE=MyISAM  DEFAULT CHARSET=utf8 AUTO_INCREMENT=13 ;

--
-- Dumping data for table `Aithousa_Orismos`
--

INSERT INTO `Aithousa_Orismos` (`ID_Aithousas`, `onoma`, `ID_Ktiriou`, `ID_Xwritikotitas`, `ID_TAithousas`, `orofos`) VALUES
(1, 'Σοφούλης', '1', NULL, 1, 0),
(2, 'Νο.1', '2', NULL, 1, 0),
(3, 'Νο.3', '2', NULL, 1, 1),
(4, 'ΔΗΜΗΤΡΑ', '2', NULL, 1, 1),
(5, 'ΛΗΤΩ', '2', NULL, 1, 1),
(6, 'ΧΑΡΙΤΙΝΗ', '2', NULL, 1, 1),
(7, 'ΜΥΡΤΩ', '3', NULL, 1, 1),
(8, 'ΔΟΡΥΣΣΑ', '3', NULL, 1, 1),
(9, 'Ν. Σχολικό', '4', NULL, 1, 0),
(10, 'ΗΛΕΚΤΡΑ', '3', NULL, 2, 0),
(11, 'ΑΛΚΜΗΝΗ', '3', NULL, 2, 0),
(12, 'ΦΑΙΔΡΑ', '3', NULL, 2, 0);

-- --------------------------------------------------------

--
-- Table structure for table `Aithousa_Typos`
--

CREATE TABLE IF NOT EXISTS `Aithousa_Typos` (
  `ID_TAithousas` int(1) NOT NULL,
  `onoma` varchar(30) NOT NULL,
  PRIMARY KEY (`ID_TAithousas`)
) ENGINE=MyISAM DEFAULT CHARSET=utf8;

--
-- Dumping data for table `Aithousa_Typos`
--

INSERT INTO `Aithousa_Typos` (`ID_TAithousas`, `onoma`) VALUES
(1, 'Θεωρία'),
(2, 'Εργαστήριο');

-- --------------------------------------------------------

--
-- Table structure for table `Anathesi`
--

CREATE TABLE IF NOT EXISTS `Anathesi` (
  `ID_Anathesis` int(3) NOT NULL AUTO_INCREMENT,
  `ID_TMathimatos` int(3) NOT NULL,
  `ID_Didaskonta` int(3) NOT NULL,
  `didaktikes_ores` int(2) NOT NULL,
  `tmima` varchar(50) NOT NULL,
  `ID_Parent` int(3) NOT NULL,
  `label` varchar(150) NOT NULL,
  PRIMARY KEY (`ID_Anathesis`)
) ENGINE=MyISAM  DEFAULT CHARSET=utf8 AUTO_INCREMENT=196 ;

--
-- Dumping data for table `Anathesi`
--

INSERT INTO `Anathesi` (`ID_Anathesis`, `ID_TMathimatos`, `ID_Didaskonta`, `didaktikes_ores`, `tmima`, `ID_Parent`, `label`) VALUES
(189, 1, 29, 0, '2', 64, 'Διακριτά Μαθηματικά Ι (Φ2, Θεοχαροπούλου Χριστίνα)'),
(167, 0, 53, 0, '1', 61, 'Αγγλικά 3 (Θ1, Δανούσης Γιώργος)'),
(168, 0, 9, 0, '1', 62, 'Υπολογιστική Λογική & Λογικός Προγραμματισμός (Θ1, Σταματάτος Ευστάθιος)'),
(188, 1, 29, 0, '1', 64, 'Διακριτά Μαθηματικά Ι (Φ1, Θεοχαροπούλου Χριστίνα)'),
(169, 0, 21, 0, '1', 63, 'Δομές Δεδομένων (Θ1, Ριζομυλιώτης Παναγιώτης)'),
(170, 2, 27, 0, '1', 63, 'Δομές Δεδομένων (Ε1, Δούμα Αναστασία)'),
(171, 2, 27, 0, '2', 63, 'Δομές Δεδομένων (Ε2, Δούμα Αναστασία)'),
(185, 0, 19, 0, '1', 47, 'Στοχαστική Ανάλυση (Θ1, Κωνσταντίνου Ελισάβετ)'),
(172, 2, 27, 0, '3', 63, 'Δομές Δεδομένων (Ε3, Δούμα Αναστασία)'),
(173, 2, 27, 0, '4', 63, 'Δομές Δεδομένων (Ε4, Δούμα Αναστασία)'),
(174, 2, 27, 0, '1', 56, 'Μεθοδολογίες & Γλώσσες Προγραμματισμού ΙΙ (Ε1, Δούμα Αναστασία)'),
(175, 2, 27, 0, '2', 56, 'Μεθοδολογίες & Γλώσσες Προγραμματισμού ΙΙ (Ε2, Δούμα Αναστασία)'),
(176, 2, 27, 0, '3', 56, 'Μεθοδολογίες & Γλώσσες Προγραμματισμού ΙΙ (Ε3, Δούμα Αναστασία)'),
(177, 2, 27, 0, '4', 56, 'Μεθοδολογίες & Γλώσσες Προγραμματισμού ΙΙ (Ε4, Δούμα Αναστασία)'),
(178, 2, 25, 0, '1', 59, 'Αρχιτεκτονική Υπολογιστών (Ε1, Καρύμπαλη Ειρήνη)'),
(179, 2, 9, 0, '1', 62, 'Υπολογιστική Λογική & Λογικός Προγραμματισμός (Ε1, Σταματάτος Ευστάθιος)'),
(180, 2, 28, 0, '1', 61, 'Αγγλικά 3 (Ε1, Λάνδρου Ευτυχία)'),
(181, 1, 29, 0, '1', 60, 'Εφαρμοσμένα Μαθηματικά (Φ1, Θεοχαροπούλου Χριστίνα)'),
(182, 1, 29, 0, '2', 60, 'Εφαρμοσμένα Μαθηματικά (Φ2, Θεοχαροπούλου Χριστίνα)'),
(183, 1, 43, 0, '1', 47, 'Στοχαστική Ανάλυση (Φ1, Φωτιάδης Γεώργιος)'),
(184, 1, 43, 0, '1', 47, 'Στοχαστική Ανάλυση (Φ2, Φωτιάδης Γεώργιος)'),
(160, 0, 15, 0, '1', 56, 'Μεθοδολογίες & Γλώσσες Προγραμματισμού ΙΙ (Θ1, Καμπουράκης Γεώργιος)'),
(187, 0, 10, 0, '1', 64, 'Διακριτά Μαθηματικά Ι (Θ1, Τζουραμάνης Θεόδωρος)'),
(162, 0, 46, 0, '1', 54, 'Τηλεπικοινωνίες (Θ2, Βουγιούκας Δημοσθένης)'),
(163, 0, 21, 0, '1', 58, 'Θεωρία Πληροφορίας (Θ1, Ριζομυλιώτης Παναγιώτης)'),
(165, 0, 22, 0, '1', 59, 'Αρχιτεκτονική Υπολογιστών (Θ1, Γκουμόπουλος Χρήστος)'),
(166, 0, 19, 0, '1', 60, 'Εφαρμοσμένα Μαθηματικά (Θ1, Κωνσταντίνου Ελισάβετ)'),
(159, 0, 45, 0, '1', 55, 'Στρατηγική και Επενδύσεις Πληροφοριακών Συστημάτων (Θ1, Λουκής Ευριπίδης)'),
(190, 0, 23, 0, '1', 65, 'Εισαγωγή στον Προγραμματισμό (Θ1, Δρόσος Δημήτριος)'),
(191, 2, 27, 0, '1', 65, 'Εισαγωγή στον Προγραμματισμό (Ε1, Δούμα Αναστασία)'),
(195, 0, 12, 0, '2', 66, 'Τεχνολογία Λογισμικού (Θ3, Χαραλαμπίδης Ιωάννης)'),
(194, 0, 12, 0, '1', 66, 'Τεχνολογία Λογισμικού (Θ3, Χαραλαμπίδης Ιωάννης)');

-- --------------------------------------------------------

--
-- Table structure for table `Anathesi_Parent`
--

CREATE TABLE IF NOT EXISTS `Anathesi_Parent` (
  `ID_Anathesi_Parent` int(3) NOT NULL AUTO_INCREMENT,
  `ID_OMathimatos` varchar(10) CHARACTER SET utf8 NOT NULL,
  PRIMARY KEY (`ID_Anathesi_Parent`)
) ENGINE=InnoDB  DEFAULT CHARSET=utf8 COLLATE=utf8_unicode_ci AUTO_INCREMENT=67 ;

--
-- Dumping data for table `Anathesi_Parent`
--

INSERT INTO `Anathesi_Parent` (`ID_Anathesi_Parent`, `ID_OMathimatos`) VALUES
(47, '321-3751'),
(54, '321-3452'),
(55, '321-5402'),
(56, '321-3651'),
(58, '321-8601'),
(59, '321-3354'),
(60, '321-4155'),
(61, '321-0141'),
(62, '321-3551'),
(63, '321-3004'),
(64, '321-1501'),
(65, '321-1203'),
(66, '321-4002');

-- --------------------------------------------------------

--
-- Table structure for table `Day`
--

CREATE TABLE IF NOT EXISTS `Day` (
  `ID_Day` int(2) NOT NULL,
  `perigrafi` varchar(30) NOT NULL,
  PRIMARY KEY (`ID_Day`)
) ENGINE=MyISAM DEFAULT CHARSET=utf8;

--
-- Dumping data for table `Day`
--

INSERT INTO `Day` (`ID_Day`, `perigrafi`) VALUES
(0, 'Κυριακή'),
(1, 'Δευτέρα'),
(2, 'Τρίτη'),
(3, 'Τετάρτη'),
(4, 'Πέμπτη'),
(5, 'Παρασκευή'),
(6, 'Σάββατο');

-- --------------------------------------------------------

--
-- Table structure for table `Didaskon_Arxiki_Diathesimotita`
--

CREATE TABLE IF NOT EXISTS `Didaskon_Arxiki_Diathesimotita` (
  `ID_DD` int(5) NOT NULL AUTO_INCREMENT,
  `ID_Didaskonta` int(3) NOT NULL,
  `start` int(11) NOT NULL,
  `end` int(11) NOT NULL,
  PRIMARY KEY (`ID_DD`)
) ENGINE=MyISAM  DEFAULT CHARSET=utf8 AUTO_INCREMENT=237 ;

--
-- Dumping data for table `Didaskon_Arxiki_Diathesimotita`
--

INSERT INTO `Didaskon_Arxiki_Diathesimotita` (`ID_DD`, `ID_Didaskonta`, `start`, `end`) VALUES
(223, 47, 1, 8),
(220, 47, 25, 28),
(214, 49, 16, 19),
(213, 49, 1, 5),
(231, 17, 1, 3),
(219, 47, 19, 24),
(230, 46, 7, 10);

-- --------------------------------------------------------

--
-- Table structure for table `Didaskon_Orismos`
--

CREATE TABLE IF NOT EXISTS `Didaskon_Orismos` (
  `ID_Didaskonta` int(3) NOT NULL AUTO_INCREMENT,
  `onoma` varchar(20) NOT NULL,
  `eponimo` varchar(20) NOT NULL,
  `mail` varchar(30) NOT NULL,
  `url` varchar(80) DEFAULT NULL COMMENT 'Προσωπική Ιστοσελίδα',
  `am` varchar(14) DEFAULT NULL COMMENT 'arithmos mitroou',
  `at` varchar(7) DEFAULT NULL COMMENT 'arithmos tautotitas',
  `office` varchar(100) DEFAULT NULL,
  `phone_mobile` varchar(15) DEFAULT NULL,
  `phone_work` varchar(15) DEFAULT NULL,
  `priority` int(1) DEFAULT NULL,
  PRIMARY KEY (`ID_Didaskonta`),
  KEY `mail` (`mail`,`am`)
) ENGINE=MyISAM  DEFAULT CHARSET=utf8 AUTO_INCREMENT=56 ;

--
-- Dumping data for table `Didaskon_Orismos`
--

INSERT INTO `Didaskon_Orismos` (`ID_Didaskonta`, `onoma`, `eponimo`, `mail`, `url`, `am`, `at`, `office`, `phone_mobile`, `phone_work`, `priority`) VALUES
(6, 'Χαράλαμπος', 'Σκιάνης', 'cskianis@aegean.gr', 'http://www.icsd.aegean.gr/lecturers/cskianis/', NULL, NULL, 'Παλαμά 2, 1ος όροφος, γραφείο Α4', '', '+30-22730-82228', NULL),
(7, 'Σπύρος', 'Κοκολάκης', 'sak@aegean.gr', 'http://www.icsd.aegean.gr/sak', NULL, NULL, 'Β12 - Κτήριο', '', '+30-22730-82233', NULL),
(8, 'Ασημάκης', 'Λερός', 'aleros@aegean.gr', 'http://www.icsd.aegean.gr/lecturers/aleros/', NULL, NULL, NULL, '', '', NULL),
(9, 'Ευστάθιος', 'Σταματάτος', 'stamatatos@aegean.gr', 'http://www.icsd.aegean.gr/lecturers/stamatatos/', NULL, NULL, 'Κτίριο Λυμπέρη, Α7', '', '+30-22730-82260', NULL),
(10, 'Θεόδωρος', 'Τζουραμάνης', 'ttzouram@aegean.gr', 'http://www.icsd.aegean.gr/ttzouram/', NULL, NULL, '1os όροφος', '', '+30-22730-82253', NULL),
(12, 'Ιωάννης', 'Χαραλαμπίδης', 'yannisx@aegean.gr', 'http://www.charalabidis.gr', NULL, NULL, 'Κτίριο Λυμπέρη, 2ος Όροφος', '', '+30-22730-82000', NULL),
(13, 'Εργίνα', 'Καβαλλιεράτου', 'kavallieratou@aegean.gr', 'http://samosweb.aegean.gr/cv/ekavallieratou.php', NULL, NULL, '17', '', '+30-22730-82263', NULL),
(14, 'Εμμανουήλ', 'Καλλίγερος', 'kalliger@aegean.gr', 'http://www.icsd.aegean.gr/lecturers/kalliger/', NULL, NULL, 'A3 (Παλαμά 2)', '', '+30-22730-82237', NULL),
(15, 'Γεώργιος', 'Καμπουράκης', 'gkamb@aegean.gr', 'http://www.icsd.aegean.gr/gkamb', NULL, NULL, 'Β9α', NULL, '+30 22730 82256', NULL),
(16, 'Αλέξιος', 'Καπόρης', 'kaporisa@aegean.gr', 'http://www.icsd.aegean.gr/kaporis/', NULL, NULL, 'Κτίριο Λυμπέρη, 2ος όροφος, γραφείο Β5 (είσοδ. Β1)', '', '+30-22730-82239', NULL),
(17, 'Μαρία', 'Καρύδα', 'mka@aegean.gr', '', NULL, NULL, 'B13', '', '+30-22730-82266', NULL),
(18, 'Γεώργιος', 'Κορμέντζας', 'gkorm@aegean.gr', '', NULL, NULL, '', NULL, '', NULL),
(19, 'Ελισάβετ', 'Κωνσταντίνου', 'ekonstantinou@aegean.gr', 'http://www.icsd.aegean.gr/ekonstantinou', NULL, NULL, '', '', '+30-22730-82268', NULL),
(20, 'Εμμανουήλ', 'Μαραγκουδάκης', 'mmarag@aegean.gr', 'http://www.icsd.aegean.gr/mmarag/', NULL, NULL, 'Κτίριο Λυμπέρη, Β10', '', '+30-22730-82261', NULL),
(21, 'Παναγιώτης', 'Ριζομυλιώτης', 'prizomil@aegean.gr', 'http://www.icsd.aegean.gr/prizomil', NULL, NULL, 'B-12', '', '+30-22730-82224', NULL),
(22, 'Χρήστος', 'Γκουμόπουλος', 'goumop@aegean.gr', NULL, NULL, NULL, 'Κτίριο Λυμπέρη - Β11', NULL, '+30-22730-82220', NULL),
(23, 'Δημήτριος', 'Δρόσος', 'ddrosos@aegean.gr', NULL, NULL, NULL, 'Κτίριο Λυμπέρη - Β11', NULL, '+30-22730-82227', NULL),
(24, 'Γεώργιος', 'Κοφινάς', 'gkofinas@aegean.gr', '', NULL, NULL, 'Κτήριο Λυμπέρη, B3', '', '+30-22730-82238', NULL),
(25, 'Ειρήνη', 'Καρύμπαλη', 'karybali@aegean.gr', 'http://www.icsd.aegean.gr/karybali/en_index.html', NULL, NULL, 'Α3', NULL, '+30-22730-82262', NULL),
(26, 'Ιφιγένεια', 'Κλαουδάτου', 'iklaoud@aegean.gr', '', NULL, NULL, NULL, '', '+30-22730-82255', NULL),
(27, 'Αναστασία', 'Δούμα', 'sia@aegean.gr', 'http://www.icsd.aegean.gr/sia', NULL, NULL, 'Κτίριο Ψάθα - Περιοχή Ταμπάκικα', '', '+30-22730-82050', NULL),
(28, 'Ευτυχία', 'Λάνδρου', 'elandrou@aegean.gr', 'http://www.samos.aegean.gr/english', NULL, NULL, 'Κτίριο Παπανικολάου, γραφείο Ι3', '', '+30-22730-82053', NULL),
(29, 'Χριστίνα', 'Θεοχαροπούλου', 'chtheo@aegean.gr', '', NULL, NULL, 'A13 Κτίριο Λυμπέρη', '', '+30-22730-82240', NULL),
(30, 'Δημήτριος', 'Σκούτας', 'd.skoutas@aegean.gr', 'http://www.icsd.aegean.gr/lecturers/d.skoutas/', NULL, NULL, 'A4', '', '+30-22730-82244', NULL),
(40, 'Θεόδωρος', 'Λεουτσάκος', '', '', NULL, NULL, NULL, '', '', NULL),
(41, 'Γεώργιος', 'Παπαλεξανδράτος', '', '', NULL, NULL, NULL, '', '', NULL),
(42, 'Βασιλική', 'Διαμαντοπούλου', 'vdiamant@aegean.gr', '', NULL, NULL, NULL, '', '+30 22730 82242', NULL),
(43, 'Γεώργιος', 'Φωτιάδης', 'gfotiadis@aegean.gr', 'http://www.icsd.aegean.gr/gfotiadis', NULL, NULL, NULL, '', '+30-22730-82278', NULL),
(44, 'Νικόλαος', 'Νομικός', '', '', NULL, NULL, NULL, '', '', NULL),
(45, 'Ευριπίδης', 'Λουκής', 'eloukis@aegean.gr', 'http://samos-webcms.aegean.gr/eloukis', NULL, NULL, NULL, '', '+30-22730-82221', NULL),
(46, 'Δημοσθένης', 'Βουγιούκας', 'dvouyiou@aegean.gr', 'http://www.icsd.aegean.gr/dvouyiou', NULL, NULL, NULL, '', '+30 22730 82270', NULL),
(48, 'Λίλιαν', 'Μήτρου', 'l.mitrou@aegean.gr', 'http://www.icsd.aegean.gr/l.mitrou', NULL, NULL, NULL, '', '+30-22730-82250', NULL),
(49, 'Κάλλια', 'Αναστασοπούλου', 'k.anastasopoulou@aegean.gr', 'http://www.icsd.aegean.gr/k.anastasopoulou', NULL, NULL, NULL, '', '+30-22730-82273', NULL),
(51, 'Στέφανος', 'Γκρίτζαλης', '', '', NULL, NULL, NULL, '', '', NULL),
(54, 'Δανούσης Γιώργος', '', '', '', NULL, NULL, NULL, '', '', NULL);

-- --------------------------------------------------------

--
-- Table structure for table `Eksamino`
--

CREATE TABLE IF NOT EXISTS `Eksamino` (
  `ID_Eksaminou` int(2) NOT NULL AUTO_INCREMENT,
  `perigrafi` varchar(30) NOT NULL,
  PRIMARY KEY (`ID_Eksaminou`)
) ENGINE=MyISAM  DEFAULT CHARSET=utf8 AUTO_INCREMENT=11 ;

--
-- Dumping data for table `Eksamino`
--

INSERT INTO `Eksamino` (`ID_Eksaminou`, `perigrafi`) VALUES
(1, 'Εξάμηνο 1o'),
(2, 'Εξάμηνο 2o'),
(3, 'Εξάμηνο 3o'),
(4, 'Εξάμηνο 4o'),
(5, 'Εξάμηνο 5o'),
(6, 'Εξάμηνο 6o'),
(7, 'Εξάμηνο 7o'),
(8, 'Εξάμηνο 8o'),
(9, 'Εξάμηνο 9o'),
(10, 'Εξάμηνο 10o');

-- --------------------------------------------------------

--
-- Table structure for table `Energo_Imerologio`
--

CREATE TABLE IF NOT EXISTS `Energo_Imerologio` (
  `ID_Energo_Imerologio` int(11) NOT NULL,
  `start` date NOT NULL,
  `end` date NOT NULL,
  PRIMARY KEY (`ID_Energo_Imerologio`)
) ENGINE=MyISAM DEFAULT CHARSET=utf8;

--
-- Dumping data for table `Energo_Imerologio`
--

INSERT INTO `Energo_Imerologio` (`ID_Energo_Imerologio`, `start`, `end`) VALUES
(1, '2014-08-12', '2015-01-14');

-- --------------------------------------------------------

--
-- Table structure for table `Event`
--

CREATE TABLE IF NOT EXISTS `Event` (
  `event_id` int(30) unsigned NOT NULL AUTO_INCREMENT,
  `parent_id` int(30) unsigned DEFAULT NULL,
  `start_date` date DEFAULT NULL,
  `start_time` time DEFAULT NULL,
  `end_time` time DEFAULT NULL,
  `title` varchar(120) COLLATE utf8_unicode_ci DEFAULT NULL,
  `duration` int(11) NOT NULL,
  PRIMARY KEY (`event_id`)
) ENGINE=MyISAM  DEFAULT CHARSET=utf8 COLLATE=utf8_unicode_ci AUTO_INCREMENT=17272 ;

--
-- Dumping data for table `Event`
--

INSERT INTO `Event` (`event_id`, `parent_id`, `start_date`, `start_time`, `end_time`, `title`, `duration`) VALUES
(15709, 387, '2015-04-01', '15:00:00', '18:00:00', 'Υπολογιστική Λογική & Λογικός Προγραμματισμός (Θ1, Σταματάτος Ευστάθιος) - Ν. Σχολικό', 3),
(15707, 387, '2015-03-18', '15:00:00', '18:00:00', 'Υπολογιστική Λογική & Λογικός Προγραμματισμός (Θ1, Σταματάτος Ευστάθιος) - Ν. Σχολικό', 3),
(15708, 387, '2015-03-25', '15:00:00', '18:00:00', 'Υπολογιστική Λογική & Λογικός Προγραμματισμός (Θ1, Σταματάτος Ευστάθιος) - Ν. Σχολικό', 3),
(15705, 387, '2015-03-04', '15:00:00', '18:00:00', 'Υπολογιστική Λογική & Λογικός Προγραμματισμός (Θ1, Σταματάτος Ευστάθιος) - Ν. Σχολικό', 3),
(15706, 387, '2015-03-11', '15:00:00', '18:00:00', 'Υπολογιστική Λογική & Λογικός Προγραμματισμός (Θ1, Σταματάτος Ευστάθιος) - Ν. Σχολικό', 3),
(15702, 387, '2015-02-11', '15:00:00', '18:00:00', 'Υπολογιστική Λογική & Λογικός Προγραμματισμός (Θ1, Σταματάτος Ευστάθιος) - Ν. Σχολικό', 3),
(15703, 387, '2015-02-18', '15:00:00', '18:00:00', 'Υπολογιστική Λογική & Λογικός Προγραμματισμός (Θ1, Σταματάτος Ευστάθιος) - Ν. Σχολικό', 3),
(15704, 387, '2015-02-25', '15:00:00', '18:00:00', 'Υπολογιστική Λογική & Λογικός Προγραμματισμός (Θ1, Σταματάτος Ευστάθιος) - Ν. Σχολικό', 3),
(15699, 387, '2015-01-21', '15:00:00', '18:00:00', 'Υπολογιστική Λογική & Λογικός Προγραμματισμός (Θ1, Σταματάτος Ευστάθιος) - Ν. Σχολικό', 3),
(15700, 387, '2015-01-28', '15:00:00', '18:00:00', 'Υπολογιστική Λογική & Λογικός Προγραμματισμός (Θ1, Σταματάτος Ευστάθιος) - Ν. Σχολικό', 3),
(15701, 387, '2015-02-04', '15:00:00', '18:00:00', 'Υπολογιστική Λογική & Λογικός Προγραμματισμός (Θ1, Σταματάτος Ευστάθιος) - Ν. Σχολικό', 3),
(15697, 387, '2015-01-07', '15:00:00', '18:00:00', 'Υπολογιστική Λογική & Λογικός Προγραμματισμός (Θ1, Σταματάτος Ευστάθιος) - Ν. Σχολικό', 3),
(15698, 387, '2015-01-14', '15:00:00', '18:00:00', 'Υπολογιστική Λογική & Λογικός Προγραμματισμός (Θ1, Σταματάτος Ευστάθιος) - Ν. Σχολικό', 3),
(15696, 387, '2014-12-31', '15:00:00', '18:00:00', 'Υπολογιστική Λογική & Λογικός Προγραμματισμός (Θ1, Σταματάτος Ευστάθιος) - Ν. Σχολικό', 3),
(15695, 387, '2014-12-24', '15:00:00', '18:00:00', 'Υπολογιστική Λογική & Λογικός Προγραμματισμός (Θ1, Σταματάτος Ευστάθιος) - Ν. Σχολικό', 3),
(15694, 387, '2014-12-17', '15:00:00', '18:00:00', 'Υπολογιστική Λογική & Λογικός Προγραμματισμός (Θ1, Σταματάτος Ευστάθιος) - Ν. Σχολικό', 3),
(15693, 387, '2014-12-10', '15:00:00', '18:00:00', 'Υπολογιστική Λογική & Λογικός Προγραμματισμός (Θ1, Σταματάτος Ευστάθιος) - Ν. Σχολικό', 3),
(15692, 387, '2014-12-03', '15:00:00', '18:00:00', 'Υπολογιστική Λογική & Λογικός Προγραμματισμός (Θ1, Σταματάτος Ευστάθιος) - Ν. Σχολικό', 3),
(15679, 386, '2015-09-09', '11:00:00', '12:00:00', 'Αγγλικά 3 (Θ1, Δανούσης Γιώργος) - Νο.3', 1),
(15680, 386, '2015-09-16', '11:00:00', '12:00:00', 'Αγγλικά 3 (Θ1, Δανούσης Γιώργος) - Νο.3', 1),
(15681, 386, '2015-09-23', '11:00:00', '12:00:00', 'Αγγλικά 3 (Θ1, Δανούσης Γιώργος) - Νο.3', 1),
(15682, 387, '2014-09-24', '15:00:00', '18:00:00', 'Υπολογιστική Λογική & Λογικός Προγραμματισμός (Θ1, Σταματάτος Ευστάθιος) - Ν. Σχολικό', 3),
(15683, 387, '2014-10-01', '15:00:00', '18:00:00', 'Υπολογιστική Λογική & Λογικός Προγραμματισμός (Θ1, Σταματάτος Ευστάθιος) - Ν. Σχολικό', 3),
(15684, 387, '2014-10-08', '15:00:00', '18:00:00', 'Υπολογιστική Λογική & Λογικός Προγραμματισμός (Θ1, Σταματάτος Ευστάθιος) - Ν. Σχολικό', 3),
(15685, 387, '2014-10-15', '15:00:00', '18:00:00', 'Υπολογιστική Λογική & Λογικός Προγραμματισμός (Θ1, Σταματάτος Ευστάθιος) - Ν. Σχολικό', 3),
(15686, 387, '2014-10-22', '15:00:00', '18:00:00', 'Υπολογιστική Λογική & Λογικός Προγραμματισμός (Θ1, Σταματάτος Ευστάθιος) - Ν. Σχολικό', 3),
(15687, 387, '2014-10-29', '15:00:00', '18:00:00', 'Υπολογιστική Λογική & Λογικός Προγραμματισμός (Θ1, Σταματάτος Ευστάθιος) - Ν. Σχολικό', 3),
(15688, 387, '2014-11-05', '15:00:00', '18:00:00', 'Υπολογιστική Λογική & Λογικός Προγραμματισμός (Θ1, Σταματάτος Ευστάθιος) - Ν. Σχολικό', 3),
(15689, 387, '2014-11-12', '15:00:00', '18:00:00', 'Υπολογιστική Λογική & Λογικός Προγραμματισμός (Θ1, Σταματάτος Ευστάθιος) - Ν. Σχολικό', 3),
(15690, 387, '2014-11-19', '15:00:00', '18:00:00', 'Υπολογιστική Λογική & Λογικός Προγραμματισμός (Θ1, Σταματάτος Ευστάθιος) - Ν. Σχολικό', 3),
(15691, 387, '2014-11-26', '15:00:00', '18:00:00', 'Υπολογιστική Λογική & Λογικός Προγραμματισμός (Θ1, Σταματάτος Ευστάθιος) - Ν. Σχολικό', 3),
(15591, 385, '2015-01-07', '09:00:00', '11:00:00', 'Υπολογιστική Λογική & Λογικός Προγραμματισμός (Ε1, Σταματάτος Ευστάθιος) - Νο.1', 2),
(15590, 385, '2014-12-31', '09:00:00', '11:00:00', 'Υπολογιστική Λογική & Λογικός Προγραμματισμός (Ε1, Σταματάτος Ευστάθιος) - Νο.1', 2),
(15589, 385, '2014-12-24', '09:00:00', '11:00:00', 'Υπολογιστική Λογική & Λογικός Προγραμματισμός (Ε1, Σταματάτος Ευστάθιος) - Νο.1', 2),
(15588, 385, '2014-12-17', '09:00:00', '11:00:00', 'Υπολογιστική Λογική & Λογικός Προγραμματισμός (Ε1, Σταματάτος Ευστάθιος) - Νο.1', 2),
(15587, 385, '2014-12-10', '09:00:00', '11:00:00', 'Υπολογιστική Λογική & Λογικός Προγραμματισμός (Ε1, Σταματάτος Ευστάθιος) - Νο.1', 2),
(15586, 385, '2014-12-03', '09:00:00', '11:00:00', 'Υπολογιστική Λογική & Λογικός Προγραμματισμός (Ε1, Σταματάτος Ευστάθιος) - Νο.1', 2),
(15585, 385, '2014-11-26', '09:00:00', '11:00:00', 'Υπολογιστική Λογική & Λογικός Προγραμματισμός (Ε1, Σταματάτος Ευστάθιος) - Νο.1', 2),
(15584, 385, '2014-11-19', '09:00:00', '11:00:00', 'Υπολογιστική Λογική & Λογικός Προγραμματισμός (Ε1, Σταματάτος Ευστάθιος) - Νο.1', 2),
(15583, 385, '2014-11-12', '09:00:00', '11:00:00', 'Υπολογιστική Λογική & Λογικός Προγραμματισμός (Ε1, Σταματάτος Ευστάθιος) - Νο.1', 2),
(15582, 385, '2014-11-05', '09:00:00', '11:00:00', 'Υπολογιστική Λογική & Λογικός Προγραμματισμός (Ε1, Σταματάτος Ευστάθιος) - Νο.1', 2),
(15581, 385, '2014-10-29', '09:00:00', '11:00:00', 'Υπολογιστική Λογική & Λογικός Προγραμματισμός (Ε1, Σταματάτος Ευστάθιος) - Νο.1', 2),
(15580, 385, '2014-10-22', '09:00:00', '11:00:00', 'Υπολογιστική Λογική & Λογικός Προγραμματισμός (Ε1, Σταματάτος Ευστάθιος) - Νο.1', 2),
(15579, 385, '2014-10-15', '09:00:00', '11:00:00', 'Υπολογιστική Λογική & Λογικός Προγραμματισμός (Ε1, Σταματάτος Ευστάθιος) - Νο.1', 2),
(15578, 385, '2014-10-08', '09:00:00', '11:00:00', 'Υπολογιστική Λογική & Λογικός Προγραμματισμός (Ε1, Σταματάτος Ευστάθιος) - Νο.1', 2),
(15574, 384, '2015-09-15', '19:00:00', '21:00:00', 'Μεθοδολογίες & Γλώσσες Προγραμματισμού ΙΙ (Ε2, Δούμα Αναστασία) - ΗΛΕΚΤΡΑ', 2),
(15577, 385, '2014-10-01', '09:00:00', '11:00:00', 'Υπολογιστική Λογική & Λογικός Προγραμματισμός (Ε1, Σταματάτος Ευστάθιος) - Νο.1', 2),
(15575, 384, '2015-09-22', '19:00:00', '21:00:00', 'Μεθοδολογίες & Γλώσσες Προγραμματισμού ΙΙ (Ε2, Δούμα Αναστασία) - ΗΛΕΚΤΡΑ', 2),
(15576, 385, '2014-09-24', '09:00:00', '11:00:00', 'Υπολογιστική Λογική & Λογικός Προγραμματισμός (Ε1, Σταματάτος Ευστάθιος) - Νο.1', 2),
(15678, 386, '2015-09-02', '11:00:00', '12:00:00', 'Αγγλικά 3 (Θ1, Δανούσης Γιώργος) - Νο.3', 1),
(15676, 386, '2015-08-19', '11:00:00', '12:00:00', 'Αγγλικά 3 (Θ1, Δανούσης Γιώργος) - Νο.3', 1),
(15677, 386, '2015-08-26', '11:00:00', '12:00:00', 'Αγγλικά 3 (Θ1, Δανούσης Γιώργος) - Νο.3', 1),
(15674, 386, '2015-08-05', '11:00:00', '12:00:00', 'Αγγλικά 3 (Θ1, Δανούσης Γιώργος) - Νο.3', 1),
(15675, 386, '2015-08-12', '11:00:00', '12:00:00', 'Αγγλικά 3 (Θ1, Δανούσης Γιώργος) - Νο.3', 1),
(15672, 386, '2015-07-22', '11:00:00', '12:00:00', 'Αγγλικά 3 (Θ1, Δανούσης Γιώργος) - Νο.3', 1),
(15673, 386, '2015-07-29', '11:00:00', '12:00:00', 'Αγγλικά 3 (Θ1, Δανούσης Γιώργος) - Νο.3', 1),
(15671, 386, '2015-07-15', '11:00:00', '12:00:00', 'Αγγλικά 3 (Θ1, Δανούσης Γιώργος) - Νο.3', 1),
(15669, 386, '2015-07-01', '11:00:00', '12:00:00', 'Αγγλικά 3 (Θ1, Δανούσης Γιώργος) - Νο.3', 1),
(15670, 386, '2015-07-08', '11:00:00', '12:00:00', 'Αγγλικά 3 (Θ1, Δανούσης Γιώργος) - Νο.3', 1),
(15667, 386, '2015-06-17', '11:00:00', '12:00:00', 'Αγγλικά 3 (Θ1, Δανούσης Γιώργος) - Νο.3', 1),
(15668, 386, '2015-06-24', '11:00:00', '12:00:00', 'Αγγλικά 3 (Θ1, Δανούσης Γιώργος) - Νο.3', 1),
(15665, 386, '2015-06-03', '11:00:00', '12:00:00', 'Αγγλικά 3 (Θ1, Δανούσης Γιώργος) - Νο.3', 1),
(15666, 386, '2015-06-10', '11:00:00', '12:00:00', 'Αγγλικά 3 (Θ1, Δανούσης Γιώργος) - Νο.3', 1),
(15664, 386, '2015-05-27', '11:00:00', '12:00:00', 'Αγγλικά 3 (Θ1, Δανούσης Γιώργος) - Νο.3', 1),
(15662, 386, '2015-05-13', '11:00:00', '12:00:00', 'Αγγλικά 3 (Θ1, Δανούσης Γιώργος) - Νο.3', 1),
(15663, 386, '2015-05-20', '11:00:00', '12:00:00', 'Αγγλικά 3 (Θ1, Δανούσης Γιώργος) - Νο.3', 1),
(15660, 386, '2015-04-29', '11:00:00', '12:00:00', 'Αγγλικά 3 (Θ1, Δανούσης Γιώργος) - Νο.3', 1),
(15661, 386, '2015-05-06', '11:00:00', '12:00:00', 'Αγγλικά 3 (Θ1, Δανούσης Γιώργος) - Νο.3', 1),
(15658, 386, '2015-04-15', '11:00:00', '12:00:00', 'Αγγλικά 3 (Θ1, Δανούσης Γιώργος) - Νο.3', 1),
(15659, 386, '2015-04-22', '11:00:00', '12:00:00', 'Αγγλικά 3 (Θ1, Δανούσης Γιώργος) - Νο.3', 1),
(15656, 386, '2015-04-01', '11:00:00', '12:00:00', 'Αγγλικά 3 (Θ1, Δανούσης Γιώργος) - Νο.3', 1),
(15657, 386, '2015-04-08', '11:00:00', '12:00:00', 'Αγγλικά 3 (Θ1, Δανούσης Γιώργος) - Νο.3', 1),
(15654, 386, '2015-03-18', '11:00:00', '12:00:00', 'Αγγλικά 3 (Θ1, Δανούσης Γιώργος) - Νο.3', 1),
(15655, 386, '2015-03-25', '11:00:00', '12:00:00', 'Αγγλικά 3 (Θ1, Δανούσης Γιώργος) - Νο.3', 1),
(17135, 414, '2015-02-23', '12:00:00', '15:00:00', 'Εισαγωγή στον Προγραμματισμό (Ε1, Δούμα Αναστασία) - ΑΛΚΜΗΝΗ', 3),
(15454, 382, '2015-06-09', '15:00:00', '17:00:00', 'Αρχιτεκτονική Υπολογιστών (Ε1, Καρύμπαλη Ειρήνη) - ΗΛΕΚΤΡΑ', 4),
(15455, 382, '2015-06-16', '15:00:00', '17:00:00', 'Αρχιτεκτονική Υπολογιστών (Ε1, Καρύμπαλη Ειρήνη) - ΗΛΕΚΤΡΑ', 4),
(15451, 382, '2015-05-19', '15:00:00', '17:00:00', 'Αρχιτεκτονική Υπολογιστών (Ε1, Καρύμπαλη Ειρήνη) - ΗΛΕΚΤΡΑ', 4),
(15452, 382, '2015-05-26', '15:00:00', '17:00:00', 'Αρχιτεκτονική Υπολογιστών (Ε1, Καρύμπαλη Ειρήνη) - ΗΛΕΚΤΡΑ', 4),
(15453, 382, '2015-06-02', '15:00:00', '17:00:00', 'Αρχιτεκτονική Υπολογιστών (Ε1, Καρύμπαλη Ειρήνη) - ΗΛΕΚΤΡΑ', 4),
(15449, 382, '2015-05-05', '15:00:00', '17:00:00', 'Αρχιτεκτονική Υπολογιστών (Ε1, Καρύμπαλη Ειρήνη) - ΗΛΕΚΤΡΑ', 4),
(15450, 382, '2015-05-12', '15:00:00', '17:00:00', 'Αρχιτεκτονική Υπολογιστών (Ε1, Καρύμπαλη Ειρήνη) - ΗΛΕΚΤΡΑ', 4),
(15447, 382, '2015-04-21', '15:00:00', '17:00:00', 'Αρχιτεκτονική Υπολογιστών (Ε1, Καρύμπαλη Ειρήνη) - ΗΛΕΚΤΡΑ', 4),
(15448, 382, '2015-04-28', '15:00:00', '17:00:00', 'Αρχιτεκτονική Υπολογιστών (Ε1, Καρύμπαλη Ειρήνη) - ΗΛΕΚΤΡΑ', 4),
(17134, 414, '2015-02-16', '12:00:00', '15:00:00', 'Εισαγωγή στον Προγραμματισμό (Ε1, Δούμα Αναστασία) - ΑΛΚΜΗΝΗ', 3),
(17133, 414, '2015-02-09', '12:00:00', '15:00:00', 'Εισαγωγή στον Προγραμματισμό (Ε1, Δούμα Αναστασία) - ΑΛΚΜΗΝΗ', 3),
(17132, 414, '2015-02-02', '12:00:00', '15:00:00', 'Εισαγωγή στον Προγραμματισμό (Ε1, Δούμα Αναστασία) - ΑΛΚΜΗΝΗ', 3),
(17131, 414, '2015-01-26', '12:00:00', '15:00:00', 'Εισαγωγή στον Προγραμματισμό (Ε1, Δούμα Αναστασία) - ΑΛΚΜΗΝΗ', 3),
(17130, 414, '2015-01-19', '12:00:00', '15:00:00', 'Εισαγωγή στον Προγραμματισμό (Ε1, Δούμα Αναστασία) - ΑΛΚΜΗΝΗ', 3),
(17129, 414, '2015-01-12', '12:00:00', '15:00:00', 'Εισαγωγή στον Προγραμματισμό (Ε1, Δούμα Αναστασία) - ΑΛΚΜΗΝΗ', 3),
(17128, 414, '2015-01-05', '12:00:00', '15:00:00', 'Εισαγωγή στον Προγραμματισμό (Ε1, Δούμα Αναστασία) - ΑΛΚΜΗΝΗ', 3),
(17127, 414, '2014-12-29', '12:00:00', '15:00:00', 'Εισαγωγή στον Προγραμματισμό (Ε1, Δούμα Αναστασία) - ΑΛΚΜΗΝΗ', 3),
(17126, 414, '2014-12-22', '12:00:00', '15:00:00', 'Εισαγωγή στον Προγραμματισμό (Ε1, Δούμα Αναστασία) - ΑΛΚΜΗΝΗ', 3),
(17125, 414, '2014-12-15', '12:00:00', '15:00:00', 'Εισαγωγή στον Προγραμματισμό (Ε1, Δούμα Αναστασία) - ΑΛΚΜΗΝΗ', 3),
(17124, 414, '2014-12-08', '12:00:00', '15:00:00', 'Εισαγωγή στον Προγραμματισμό (Ε1, Δούμα Αναστασία) - ΑΛΚΜΗΝΗ', 3),
(17123, 414, '2014-12-01', '12:00:00', '15:00:00', 'Εισαγωγή στον Προγραμματισμό (Ε1, Δούμα Αναστασία) - ΑΛΚΜΗΝΗ', 3),
(17122, 414, '2014-11-24', '12:00:00', '15:00:00', 'Εισαγωγή στον Προγραμματισμό (Ε1, Δούμα Αναστασία) - ΑΛΚΜΗΝΗ', 3),
(17121, 414, '2014-11-17', '12:00:00', '15:00:00', 'Εισαγωγή στον Προγραμματισμό (Ε1, Δούμα Αναστασία) - ΑΛΚΜΗΝΗ', 3),
(17120, 414, '2014-11-10', '12:00:00', '15:00:00', 'Εισαγωγή στον Προγραμματισμό (Ε1, Δούμα Αναστασία) - ΑΛΚΜΗΝΗ', 3),
(17119, 414, '2014-11-03', '12:00:00', '15:00:00', 'Εισαγωγή στον Προγραμματισμό (Ε1, Δούμα Αναστασία) - ΑΛΚΜΗΝΗ', 3),
(17118, 414, '2014-10-27', '12:00:00', '15:00:00', 'Εισαγωγή στον Προγραμματισμό (Ε1, Δούμα Αναστασία) - ΑΛΚΜΗΝΗ', 3),
(17117, 414, '2014-10-20', '12:00:00', '15:00:00', 'Εισαγωγή στον Προγραμματισμό (Ε1, Δούμα Αναστασία) - ΑΛΚΜΗΝΗ', 3),
(17116, 414, '2014-10-13', '12:00:00', '15:00:00', 'Εισαγωγή στον Προγραμματισμό (Ε1, Δούμα Αναστασία) - ΑΛΚΜΗΝΗ', 3),
(17115, 414, '2014-10-06', '12:00:00', '15:00:00', 'Εισαγωγή στον Προγραμματισμό (Ε1, Δούμα Αναστασία) - ΑΛΚΜΗΝΗ', 3),
(17114, 414, '2014-09-29', '12:00:00', '15:00:00', 'Εισαγωγή στον Προγραμματισμό (Ε1, Δούμα Αναστασία) - ΑΛΚΜΗΝΗ', 3),
(17113, 414, '2014-09-22', '12:00:00', '15:00:00', 'Εισαγωγή στον Προγραμματισμό (Ε1, Δούμα Αναστασία) - ΑΛΚΜΗΝΗ', 3),
(17112, 413, '2015-09-21', '09:00:00', '12:00:00', 'Εισαγωγή στον Προγραμματισμό (Θ1, Δρόσος Δημήτριος) - Νο.1', 3),
(17111, 413, '2015-09-14', '09:00:00', '12:00:00', 'Εισαγωγή στον Προγραμματισμό (Θ1, Δρόσος Δημήτριος) - Νο.1', 3),
(17110, 413, '2015-09-07', '09:00:00', '12:00:00', 'Εισαγωγή στον Προγραμματισμό (Θ1, Δρόσος Δημήτριος) - Νο.1', 3),
(17109, 413, '2015-08-31', '09:00:00', '12:00:00', 'Εισαγωγή στον Προγραμματισμό (Θ1, Δρόσος Δημήτριος) - Νο.1', 3),
(17108, 413, '2015-08-24', '09:00:00', '12:00:00', 'Εισαγωγή στον Προγραμματισμό (Θ1, Δρόσος Δημήτριος) - Νο.1', 3),
(17107, 413, '2015-08-17', '09:00:00', '12:00:00', 'Εισαγωγή στον Προγραμματισμό (Θ1, Δρόσος Δημήτριος) - Νο.1', 3),
(17065, 413, '2014-10-27', '09:00:00', '12:00:00', 'Εισαγωγή στον Προγραμματισμό (Θ1, Δρόσος Δημήτριος) - Νο.1', 3),
(15417, 382, '2014-09-23', '15:00:00', '17:00:00', 'Αρχιτεκτονική Υπολογιστών (Ε1, Καρύμπαλη Ειρήνη) - ΗΛΕΚΤΡΑ', 4),
(15418, 382, '2014-09-30', '15:00:00', '17:00:00', 'Αρχιτεκτονική Υπολογιστών (Ε1, Καρύμπαλη Ειρήνη) - ΗΛΕΚΤΡΑ', 4),
(15419, 382, '2014-10-07', '15:00:00', '17:00:00', 'Αρχιτεκτονική Υπολογιστών (Ε1, Καρύμπαλη Ειρήνη) - ΗΛΕΚΤΡΑ', 4),
(15420, 382, '2014-10-14', '15:00:00', '17:00:00', 'Αρχιτεκτονική Υπολογιστών (Ε1, Καρύμπαλη Ειρήνη) - ΗΛΕΚΤΡΑ', 4),
(15421, 382, '2014-10-21', '15:00:00', '17:00:00', 'Αρχιτεκτονική Υπολογιστών (Ε1, Καρύμπαλη Ειρήνη) - ΗΛΕΚΤΡΑ', 4),
(15422, 382, '2014-10-28', '15:00:00', '17:00:00', 'Αρχιτεκτονική Υπολογιστών (Ε1, Καρύμπαλη Ειρήνη) - ΗΛΕΚΤΡΑ', 4),
(15423, 382, '2014-11-04', '15:00:00', '17:00:00', 'Αρχιτεκτονική Υπολογιστών (Ε1, Καρύμπαλη Ειρήνη) - ΗΛΕΚΤΡΑ', 4),
(15424, 382, '2014-11-11', '15:00:00', '17:00:00', 'Αρχιτεκτονική Υπολογιστών (Ε1, Καρύμπαλη Ειρήνη) - ΗΛΕΚΤΡΑ', 4),
(15425, 382, '2014-11-18', '15:00:00', '17:00:00', 'Αρχιτεκτονική Υπολογιστών (Ε1, Καρύμπαλη Ειρήνη) - ΗΛΕΚΤΡΑ', 4),
(15426, 382, '2014-11-25', '15:00:00', '17:00:00', 'Αρχιτεκτονική Υπολογιστών (Ε1, Καρύμπαλη Ειρήνη) - ΗΛΕΚΤΡΑ', 4),
(15427, 382, '2014-12-02', '15:00:00', '17:00:00', 'Αρχιτεκτονική Υπολογιστών (Ε1, Καρύμπαλη Ειρήνη) - ΗΛΕΚΤΡΑ', 4),
(15428, 382, '2014-12-09', '15:00:00', '17:00:00', 'Αρχιτεκτονική Υπολογιστών (Ε1, Καρύμπαλη Ειρήνη) - ΗΛΕΚΤΡΑ', 4),
(15429, 382, '2014-12-16', '15:00:00', '17:00:00', 'Αρχιτεκτονική Υπολογιστών (Ε1, Καρύμπαλη Ειρήνη) - ΗΛΕΚΤΡΑ', 4),
(15430, 382, '2014-12-23', '15:00:00', '17:00:00', 'Αρχιτεκτονική Υπολογιστών (Ε1, Καρύμπαλη Ειρήνη) - ΗΛΕΚΤΡΑ', 4),
(15431, 382, '2014-12-30', '15:00:00', '17:00:00', 'Αρχιτεκτονική Υπολογιστών (Ε1, Καρύμπαλη Ειρήνη) - ΗΛΕΚΤΡΑ', 4),
(15432, 382, '2015-01-06', '15:00:00', '17:00:00', 'Αρχιτεκτονική Υπολογιστών (Ε1, Καρύμπαλη Ειρήνη) - ΗΛΕΚΤΡΑ', 4),
(15433, 382, '2015-01-13', '15:00:00', '17:00:00', 'Αρχιτεκτονική Υπολογιστών (Ε1, Καρύμπαλη Ειρήνη) - ΗΛΕΚΤΡΑ', 4),
(15434, 382, '2015-01-20', '15:00:00', '17:00:00', 'Αρχιτεκτονική Υπολογιστών (Ε1, Καρύμπαλη Ειρήνη) - ΗΛΕΚΤΡΑ', 4),
(15435, 382, '2015-01-27', '15:00:00', '17:00:00', 'Αρχιτεκτονική Υπολογιστών (Ε1, Καρύμπαλη Ειρήνη) - ΗΛΕΚΤΡΑ', 4),
(15436, 382, '2015-02-03', '15:00:00', '17:00:00', 'Αρχιτεκτονική Υπολογιστών (Ε1, Καρύμπαλη Ειρήνη) - ΗΛΕΚΤΡΑ', 4),
(15437, 382, '2015-02-10', '15:00:00', '17:00:00', 'Αρχιτεκτονική Υπολογιστών (Ε1, Καρύμπαλη Ειρήνη) - ΗΛΕΚΤΡΑ', 4),
(15438, 382, '2015-02-17', '15:00:00', '17:00:00', 'Αρχιτεκτονική Υπολογιστών (Ε1, Καρύμπαλη Ειρήνη) - ΗΛΕΚΤΡΑ', 4),
(15439, 382, '2015-02-24', '15:00:00', '17:00:00', 'Αρχιτεκτονική Υπολογιστών (Ε1, Καρύμπαλη Ειρήνη) - ΗΛΕΚΤΡΑ', 4),
(15440, 382, '2015-03-03', '15:00:00', '17:00:00', 'Αρχιτεκτονική Υπολογιστών (Ε1, Καρύμπαλη Ειρήνη) - ΗΛΕΚΤΡΑ', 4),
(15441, 382, '2015-03-10', '15:00:00', '17:00:00', 'Αρχιτεκτονική Υπολογιστών (Ε1, Καρύμπαλη Ειρήνη) - ΗΛΕΚΤΡΑ', 4),
(15442, 382, '2015-03-17', '15:00:00', '17:00:00', 'Αρχιτεκτονική Υπολογιστών (Ε1, Καρύμπαλη Ειρήνη) - ΗΛΕΚΤΡΑ', 4),
(15443, 382, '2015-03-24', '15:00:00', '17:00:00', 'Αρχιτεκτονική Υπολογιστών (Ε1, Καρύμπαλη Ειρήνη) - ΗΛΕΚΤΡΑ', 4),
(15444, 382, '2015-03-31', '15:00:00', '17:00:00', 'Αρχιτεκτονική Υπολογιστών (Ε1, Καρύμπαλη Ειρήνη) - ΗΛΕΚΤΡΑ', 4),
(15445, 382, '2015-04-07', '15:00:00', '17:00:00', 'Αρχιτεκτονική Υπολογιστών (Ε1, Καρύμπαλη Ειρήνη) - ΗΛΕΚΤΡΑ', 4),
(15446, 382, '2015-04-14', '15:00:00', '17:00:00', 'Αρχιτεκτονική Υπολογιστών (Ε1, Καρύμπαλη Ειρήνη) - ΗΛΕΚΤΡΑ', 4),
(15041, 374, '2015-08-25', '13:00:00', '15:00:00', 'Δομές Δεδομένων (Ε2, Δούμα Αναστασία) - ΗΛΕΚΤΡΑ', 2),
(15040, 374, '2015-08-18', '13:00:00', '15:00:00', 'Δομές Δεδομένων (Ε2, Δούμα Αναστασία) - ΗΛΕΚΤΡΑ', 2),
(15039, 374, '2015-08-11', '13:00:00', '15:00:00', 'Δομές Δεδομένων (Ε2, Δούμα Αναστασία) - ΗΛΕΚΤΡΑ', 2),
(15038, 374, '2015-08-04', '13:00:00', '15:00:00', 'Δομές Δεδομένων (Ε2, Δούμα Αναστασία) - ΗΛΕΚΤΡΑ', 2),
(15037, 374, '2015-07-28', '13:00:00', '15:00:00', 'Δομές Δεδομένων (Ε2, Δούμα Αναστασία) - ΗΛΕΚΤΡΑ', 2),
(15036, 374, '2015-07-21', '13:00:00', '15:00:00', 'Δομές Δεδομένων (Ε2, Δούμα Αναστασία) - ΗΛΕΚΤΡΑ', 2),
(15030, 374, '2015-06-09', '13:00:00', '15:00:00', 'Δομές Δεδομένων (Ε2, Δούμα Αναστασία) - ΗΛΕΚΤΡΑ', 2),
(15031, 374, '2015-06-16', '13:00:00', '15:00:00', 'Δομές Δεδομένων (Ε2, Δούμα Αναστασία) - ΗΛΕΚΤΡΑ', 2),
(15032, 374, '2015-06-23', '13:00:00', '15:00:00', 'Δομές Δεδομένων (Ε2, Δούμα Αναστασία) - ΗΛΕΚΤΡΑ', 2),
(15033, 374, '2015-06-30', '13:00:00', '15:00:00', 'Δομές Δεδομένων (Ε2, Δούμα Αναστασία) - ΗΛΕΚΤΡΑ', 2),
(15034, 374, '2015-07-07', '13:00:00', '15:00:00', 'Δομές Δεδομένων (Ε2, Δούμα Αναστασία) - ΗΛΕΚΤΡΑ', 2),
(15035, 374, '2015-07-14', '13:00:00', '15:00:00', 'Δομές Δεδομένων (Ε2, Δούμα Αναστασία) - ΗΛΕΚΤΡΑ', 2),
(15363, 380, '2015-09-22', '09:00:00', '12:00:00', 'Εφαρμοσμένα Μαθηματικά (Θ1, Κωνσταντίνου Ελισάβετ) - Νο.3', 3),
(15362, 380, '2015-09-15', '09:00:00', '12:00:00', 'Εφαρμοσμένα Μαθηματικά (Θ1, Κωνσταντίνου Ελισάβετ) - Νο.3', 3),
(15361, 380, '2015-09-08', '09:00:00', '12:00:00', 'Εφαρμοσμένα Μαθηματικά (Θ1, Κωνσταντίνου Ελισάβετ) - Νο.3', 3),
(15360, 380, '2015-09-01', '09:00:00', '12:00:00', 'Εφαρμοσμένα Μαθηματικά (Θ1, Κωνσταντίνου Ελισάβετ) - Νο.3', 3),
(15359, 380, '2015-08-25', '09:00:00', '12:00:00', 'Εφαρμοσμένα Μαθηματικά (Θ1, Κωνσταντίνου Ελισάβετ) - Νο.3', 3),
(15358, 380, '2015-08-18', '09:00:00', '12:00:00', 'Εφαρμοσμένα Μαθηματικά (Θ1, Κωνσταντίνου Ελισάβετ) - Νο.3', 3),
(15357, 380, '2015-08-11', '09:00:00', '12:00:00', 'Εφαρμοσμένα Μαθηματικά (Θ1, Κωνσταντίνου Ελισάβετ) - Νο.3', 3),
(15356, 380, '2015-08-04', '09:00:00', '12:00:00', 'Εφαρμοσμένα Μαθηματικά (Θ1, Κωνσταντίνου Ελισάβετ) - Νο.3', 3),
(15355, 380, '2015-07-28', '09:00:00', '12:00:00', 'Εφαρμοσμένα Μαθηματικά (Θ1, Κωνσταντίνου Ελισάβετ) - Νο.3', 3),
(15354, 380, '2015-07-21', '09:00:00', '12:00:00', 'Εφαρμοσμένα Μαθηματικά (Θ1, Κωνσταντίνου Ελισάβετ) - Νο.3', 3),
(15353, 380, '2015-07-14', '09:00:00', '12:00:00', 'Εφαρμοσμένα Μαθηματικά (Θ1, Κωνσταντίνου Ελισάβετ) - Νο.3', 3),
(15352, 380, '2015-07-07', '09:00:00', '12:00:00', 'Εφαρμοσμένα Μαθηματικά (Θ1, Κωνσταντίνου Ελισάβετ) - Νο.3', 3),
(15351, 380, '2015-06-30', '09:00:00', '12:00:00', 'Εφαρμοσμένα Μαθηματικά (Θ1, Κωνσταντίνου Ελισάβετ) - Νο.3', 3),
(15350, 380, '2015-06-23', '09:00:00', '12:00:00', 'Εφαρμοσμένα Μαθηματικά (Θ1, Κωνσταντίνου Ελισάβετ) - Νο.3', 3),
(15349, 380, '2015-06-16', '09:00:00', '12:00:00', 'Εφαρμοσμένα Μαθηματικά (Θ1, Κωνσταντίνου Ελισάβετ) - Νο.3', 3),
(15348, 380, '2015-06-09', '09:00:00', '12:00:00', 'Εφαρμοσμένα Μαθηματικά (Θ1, Κωνσταντίνου Ελισάβετ) - Νο.3', 3),
(15347, 380, '2015-06-02', '09:00:00', '12:00:00', 'Εφαρμοσμένα Μαθηματικά (Θ1, Κωνσταντίνου Ελισάβετ) - Νο.3', 3),
(15346, 380, '2015-05-26', '09:00:00', '12:00:00', 'Εφαρμοσμένα Μαθηματικά (Θ1, Κωνσταντίνου Ελισάβετ) - Νο.3', 3),
(15345, 380, '2015-05-19', '09:00:00', '12:00:00', 'Εφαρμοσμένα Μαθηματικά (Θ1, Κωνσταντίνου Ελισάβετ) - Νο.3', 3),
(15344, 380, '2015-05-12', '09:00:00', '12:00:00', 'Εφαρμοσμένα Μαθηματικά (Θ1, Κωνσταντίνου Ελισάβετ) - Νο.3', 3),
(15343, 380, '2015-05-05', '09:00:00', '12:00:00', 'Εφαρμοσμένα Μαθηματικά (Θ1, Κωνσταντίνου Ελισάβετ) - Νο.3', 3),
(15342, 380, '2015-04-28', '09:00:00', '12:00:00', 'Εφαρμοσμένα Μαθηματικά (Θ1, Κωνσταντίνου Ελισάβετ) - Νο.3', 3),
(15341, 380, '2015-04-21', '09:00:00', '12:00:00', 'Εφαρμοσμένα Μαθηματικά (Θ1, Κωνσταντίνου Ελισάβετ) - Νο.3', 3),
(15340, 380, '2015-04-14', '09:00:00', '12:00:00', 'Εφαρμοσμένα Μαθηματικά (Θ1, Κωνσταντίνου Ελισάβετ) - Νο.3', 3),
(15339, 380, '2015-04-07', '09:00:00', '12:00:00', 'Εφαρμοσμένα Μαθηματικά (Θ1, Κωνσταντίνου Ελισάβετ) - Νο.3', 3),
(15338, 380, '2015-03-31', '09:00:00', '12:00:00', 'Εφαρμοσμένα Μαθηματικά (Θ1, Κωνσταντίνου Ελισάβετ) - Νο.3', 3),
(15337, 380, '2015-03-24', '09:00:00', '12:00:00', 'Εφαρμοσμένα Μαθηματικά (Θ1, Κωνσταντίνου Ελισάβετ) - Νο.3', 3),
(15336, 380, '2015-03-17', '09:00:00', '12:00:00', 'Εφαρμοσμένα Μαθηματικά (Θ1, Κωνσταντίνου Ελισάβετ) - Νο.3', 3),
(15335, 380, '2015-03-10', '09:00:00', '12:00:00', 'Εφαρμοσμένα Μαθηματικά (Θ1, Κωνσταντίνου Ελισάβετ) - Νο.3', 3),
(15334, 380, '2015-03-03', '09:00:00', '12:00:00', 'Εφαρμοσμένα Μαθηματικά (Θ1, Κωνσταντίνου Ελισάβετ) - Νο.3', 3),
(15333, 380, '2015-02-24', '09:00:00', '12:00:00', 'Εφαρμοσμένα Μαθηματικά (Θ1, Κωνσταντίνου Ελισάβετ) - Νο.3', 3),
(15332, 380, '2015-02-17', '09:00:00', '12:00:00', 'Εφαρμοσμένα Μαθηματικά (Θ1, Κωνσταντίνου Ελισάβετ) - Νο.3', 3),
(15331, 380, '2015-02-10', '09:00:00', '12:00:00', 'Εφαρμοσμένα Μαθηματικά (Θ1, Κωνσταντίνου Ελισάβετ) - Νο.3', 3),
(15330, 380, '2015-02-03', '09:00:00', '12:00:00', 'Εφαρμοσμένα Μαθηματικά (Θ1, Κωνσταντίνου Ελισάβετ) - Νο.3', 3),
(15329, 380, '2015-01-27', '09:00:00', '12:00:00', 'Εφαρμοσμένα Μαθηματικά (Θ1, Κωνσταντίνου Ελισάβετ) - Νο.3', 3),
(15328, 380, '2015-01-20', '09:00:00', '12:00:00', 'Εφαρμοσμένα Μαθηματικά (Θ1, Κωνσταντίνου Ελισάβετ) - Νο.3', 3),
(15327, 380, '2015-01-13', '09:00:00', '12:00:00', 'Εφαρμοσμένα Μαθηματικά (Θ1, Κωνσταντίνου Ελισάβετ) - Νο.3', 3),
(15326, 380, '2015-01-06', '09:00:00', '12:00:00', 'Εφαρμοσμένα Μαθηματικά (Θ1, Κωνσταντίνου Ελισάβετ) - Νο.3', 3),
(15325, 380, '2014-12-30', '09:00:00', '12:00:00', 'Εφαρμοσμένα Μαθηματικά (Θ1, Κωνσταντίνου Ελισάβετ) - Νο.3', 3),
(15324, 380, '2014-12-23', '09:00:00', '12:00:00', 'Εφαρμοσμένα Μαθηματικά (Θ1, Κωνσταντίνου Ελισάβετ) - Νο.3', 3),
(15323, 380, '2014-12-16', '09:00:00', '12:00:00', 'Εφαρμοσμένα Μαθηματικά (Θ1, Κωνσταντίνου Ελισάβετ) - Νο.3', 3),
(15322, 380, '2014-12-09', '09:00:00', '12:00:00', 'Εφαρμοσμένα Μαθηματικά (Θ1, Κωνσταντίνου Ελισάβετ) - Νο.3', 3),
(15321, 380, '2014-12-02', '09:00:00', '12:00:00', 'Εφαρμοσμένα Μαθηματικά (Θ1, Κωνσταντίνου Ελισάβετ) - Νο.3', 3),
(15320, 380, '2014-11-25', '09:00:00', '12:00:00', 'Εφαρμοσμένα Μαθηματικά (Θ1, Κωνσταντίνου Ελισάβετ) - Νο.3', 3),
(15319, 380, '2014-11-18', '09:00:00', '12:00:00', 'Εφαρμοσμένα Μαθηματικά (Θ1, Κωνσταντίνου Ελισάβετ) - Νο.3', 3),
(15318, 380, '2014-11-11', '09:00:00', '12:00:00', 'Εφαρμοσμένα Μαθηματικά (Θ1, Κωνσταντίνου Ελισάβετ) - Νο.3', 3),
(15317, 380, '2014-11-04', '09:00:00', '12:00:00', 'Εφαρμοσμένα Μαθηματικά (Θ1, Κωνσταντίνου Ελισάβετ) - Νο.3', 3),
(15316, 380, '2014-10-28', '09:00:00', '12:00:00', 'Εφαρμοσμένα Μαθηματικά (Θ1, Κωνσταντίνου Ελισάβετ) - Νο.3', 3),
(15315, 380, '2014-10-21', '09:00:00', '12:00:00', 'Εφαρμοσμένα Μαθηματικά (Θ1, Κωνσταντίνου Ελισάβετ) - Νο.3', 3),
(15314, 380, '2014-10-14', '09:00:00', '12:00:00', 'Εφαρμοσμένα Μαθηματικά (Θ1, Κωνσταντίνου Ελισάβετ) - Νο.3', 3),
(15313, 380, '2014-10-07', '09:00:00', '12:00:00', 'Εφαρμοσμένα Μαθηματικά (Θ1, Κωνσταντίνου Ελισάβετ) - Νο.3', 3),
(15312, 380, '2014-09-30', '09:00:00', '12:00:00', 'Εφαρμοσμένα Μαθηματικά (Θ1, Κωνσταντίνου Ελισάβετ) - Νο.3', 3),
(15311, 380, '2014-09-23', '09:00:00', '12:00:00', 'Εφαρμοσμένα Μαθηματικά (Θ1, Κωνσταντίνου Ελισάβετ) - Νο.3', 3),
(15310, 379, '2015-09-21', '18:00:00', '21:00:00', 'Αρχιτεκτονική Υπολογιστών (Θ1, Γκουμόπουλος Χρήστος) - Νο.1', 3),
(15309, 379, '2015-09-14', '18:00:00', '21:00:00', 'Αρχιτεκτονική Υπολογιστών (Θ1, Γκουμόπουλος Χρήστος) - Νο.1', 3),
(15308, 379, '2015-09-07', '18:00:00', '21:00:00', 'Αρχιτεκτονική Υπολογιστών (Θ1, Γκουμόπουλος Χρήστος) - Νο.1', 3),
(15307, 379, '2015-08-31', '18:00:00', '21:00:00', 'Αρχιτεκτονική Υπολογιστών (Θ1, Γκουμόπουλος Χρήστος) - Νο.1', 3),
(15306, 379, '2015-08-24', '18:00:00', '21:00:00', 'Αρχιτεκτονική Υπολογιστών (Θ1, Γκουμόπουλος Χρήστος) - Νο.1', 3),
(15305, 379, '2015-08-17', '18:00:00', '21:00:00', 'Αρχιτεκτονική Υπολογιστών (Θ1, Γκουμόπουλος Χρήστος) - Νο.1', 3),
(15304, 379, '2015-08-10', '18:00:00', '21:00:00', 'Αρχιτεκτονική Υπολογιστών (Θ1, Γκουμόπουλος Χρήστος) - Νο.1', 3),
(15303, 379, '2015-08-03', '18:00:00', '21:00:00', 'Αρχιτεκτονική Υπολογιστών (Θ1, Γκουμόπουλος Χρήστος) - Νο.1', 3),
(15302, 379, '2015-07-27', '18:00:00', '21:00:00', 'Αρχιτεκτονική Υπολογιστών (Θ1, Γκουμόπουλος Χρήστος) - Νο.1', 3),
(15301, 379, '2015-07-20', '18:00:00', '21:00:00', 'Αρχιτεκτονική Υπολογιστών (Θ1, Γκουμόπουλος Χρήστος) - Νο.1', 3),
(15300, 379, '2015-07-13', '18:00:00', '21:00:00', 'Αρχιτεκτονική Υπολογιστών (Θ1, Γκουμόπουλος Χρήστος) - Νο.1', 3),
(15299, 379, '2015-07-06', '18:00:00', '21:00:00', 'Αρχιτεκτονική Υπολογιστών (Θ1, Γκουμόπουλος Χρήστος) - Νο.1', 3),
(15298, 379, '2015-06-29', '18:00:00', '21:00:00', 'Αρχιτεκτονική Υπολογιστών (Θ1, Γκουμόπουλος Χρήστος) - Νο.1', 3),
(15297, 379, '2015-06-22', '18:00:00', '21:00:00', 'Αρχιτεκτονική Υπολογιστών (Θ1, Γκουμόπουλος Χρήστος) - Νο.1', 3),
(15296, 379, '2015-06-15', '18:00:00', '21:00:00', 'Αρχιτεκτονική Υπολογιστών (Θ1, Γκουμόπουλος Χρήστος) - Νο.1', 3),
(15295, 379, '2015-06-08', '18:00:00', '21:00:00', 'Αρχιτεκτονική Υπολογιστών (Θ1, Γκουμόπουλος Χρήστος) - Νο.1', 3),
(15294, 379, '2015-06-01', '18:00:00', '21:00:00', 'Αρχιτεκτονική Υπολογιστών (Θ1, Γκουμόπουλος Χρήστος) - Νο.1', 3),
(15293, 379, '2015-05-25', '18:00:00', '21:00:00', 'Αρχιτεκτονική Υπολογιστών (Θ1, Γκουμόπουλος Χρήστος) - Νο.1', 3),
(15292, 379, '2015-05-18', '18:00:00', '21:00:00', 'Αρχιτεκτονική Υπολογιστών (Θ1, Γκουμόπουλος Χρήστος) - Νο.1', 3),
(15291, 379, '2015-05-11', '18:00:00', '21:00:00', 'Αρχιτεκτονική Υπολογιστών (Θ1, Γκουμόπουλος Χρήστος) - Νο.1', 3),
(15290, 379, '2015-05-04', '18:00:00', '21:00:00', 'Αρχιτεκτονική Υπολογιστών (Θ1, Γκουμόπουλος Χρήστος) - Νο.1', 3),
(15289, 379, '2015-04-27', '18:00:00', '21:00:00', 'Αρχιτεκτονική Υπολογιστών (Θ1, Γκουμόπουλος Χρήστος) - Νο.1', 3),
(15288, 379, '2015-04-20', '18:00:00', '21:00:00', 'Αρχιτεκτονική Υπολογιστών (Θ1, Γκουμόπουλος Χρήστος) - Νο.1', 3),
(15287, 379, '2015-04-13', '18:00:00', '21:00:00', 'Αρχιτεκτονική Υπολογιστών (Θ1, Γκουμόπουλος Χρήστος) - Νο.1', 3),
(15286, 379, '2015-04-06', '18:00:00', '21:00:00', 'Αρχιτεκτονική Υπολογιστών (Θ1, Γκουμόπουλος Χρήστος) - Νο.1', 3),
(15285, 379, '2015-03-30', '18:00:00', '21:00:00', 'Αρχιτεκτονική Υπολογιστών (Θ1, Γκουμόπουλος Χρήστος) - Νο.1', 3),
(15284, 379, '2015-03-23', '18:00:00', '21:00:00', 'Αρχιτεκτονική Υπολογιστών (Θ1, Γκουμόπουλος Χρήστος) - Νο.1', 3),
(15283, 379, '2015-03-16', '18:00:00', '21:00:00', 'Αρχιτεκτονική Υπολογιστών (Θ1, Γκουμόπουλος Χρήστος) - Νο.1', 3),
(15282, 379, '2015-03-09', '18:00:00', '21:00:00', 'Αρχιτεκτονική Υπολογιστών (Θ1, Γκουμόπουλος Χρήστος) - Νο.1', 3),
(15281, 379, '2015-03-02', '18:00:00', '21:00:00', 'Αρχιτεκτονική Υπολογιστών (Θ1, Γκουμόπουλος Χρήστος) - Νο.1', 3),
(15280, 379, '2015-02-23', '18:00:00', '21:00:00', 'Αρχιτεκτονική Υπολογιστών (Θ1, Γκουμόπουλος Χρήστος) - Νο.1', 3),
(15279, 379, '2015-02-16', '18:00:00', '21:00:00', 'Αρχιτεκτονική Υπολογιστών (Θ1, Γκουμόπουλος Χρήστος) - Νο.1', 3),
(15278, 379, '2015-02-09', '18:00:00', '21:00:00', 'Αρχιτεκτονική Υπολογιστών (Θ1, Γκουμόπουλος Χρήστος) - Νο.1', 3),
(15277, 379, '2015-02-02', '18:00:00', '21:00:00', 'Αρχιτεκτονική Υπολογιστών (Θ1, Γκουμόπουλος Χρήστος) - Νο.1', 3),
(15276, 379, '2015-01-26', '18:00:00', '21:00:00', 'Αρχιτεκτονική Υπολογιστών (Θ1, Γκουμόπουλος Χρήστος) - Νο.1', 3),
(15275, 379, '2015-01-19', '18:00:00', '21:00:00', 'Αρχιτεκτονική Υπολογιστών (Θ1, Γκουμόπουλος Χρήστος) - Νο.1', 3),
(15274, 379, '2015-01-12', '18:00:00', '21:00:00', 'Αρχιτεκτονική Υπολογιστών (Θ1, Γκουμόπουλος Χρήστος) - Νο.1', 3),
(15273, 379, '2015-01-05', '18:00:00', '21:00:00', 'Αρχιτεκτονική Υπολογιστών (Θ1, Γκουμόπουλος Χρήστος) - Νο.1', 3),
(15272, 379, '2014-12-29', '18:00:00', '21:00:00', 'Αρχιτεκτονική Υπολογιστών (Θ1, Γκουμόπουλος Χρήστος) - Νο.1', 3),
(15271, 379, '2014-12-22', '18:00:00', '21:00:00', 'Αρχιτεκτονική Υπολογιστών (Θ1, Γκουμόπουλος Χρήστος) - Νο.1', 3),
(15270, 379, '2014-12-15', '18:00:00', '21:00:00', 'Αρχιτεκτονική Υπολογιστών (Θ1, Γκουμόπουλος Χρήστος) - Νο.1', 3),
(15269, 379, '2014-12-08', '18:00:00', '21:00:00', 'Αρχιτεκτονική Υπολογιστών (Θ1, Γκουμόπουλος Χρήστος) - Νο.1', 3),
(15268, 379, '2014-12-01', '18:00:00', '21:00:00', 'Αρχιτεκτονική Υπολογιστών (Θ1, Γκουμόπουλος Χρήστος) - Νο.1', 3),
(15267, 379, '2014-11-24', '18:00:00', '21:00:00', 'Αρχιτεκτονική Υπολογιστών (Θ1, Γκουμόπουλος Χρήστος) - Νο.1', 3),
(15266, 379, '2014-11-17', '18:00:00', '21:00:00', 'Αρχιτεκτονική Υπολογιστών (Θ1, Γκουμόπουλος Χρήστος) - Νο.1', 3),
(15265, 379, '2014-11-10', '18:00:00', '21:00:00', 'Αρχιτεκτονική Υπολογιστών (Θ1, Γκουμόπουλος Χρήστος) - Νο.1', 3),
(15264, 379, '2014-11-03', '18:00:00', '21:00:00', 'Αρχιτεκτονική Υπολογιστών (Θ1, Γκουμόπουλος Χρήστος) - Νο.1', 3),
(15263, 379, '2014-10-27', '18:00:00', '21:00:00', 'Αρχιτεκτονική Υπολογιστών (Θ1, Γκουμόπουλος Χρήστος) - Νο.1', 3),
(15262, 379, '2014-10-20', '18:00:00', '21:00:00', 'Αρχιτεκτονική Υπολογιστών (Θ1, Γκουμόπουλος Χρήστος) - Νο.1', 3),
(15261, 379, '2014-10-13', '18:00:00', '21:00:00', 'Αρχιτεκτονική Υπολογιστών (Θ1, Γκουμόπουλος Χρήστος) - Νο.1', 3),
(15260, 379, '2014-10-06', '18:00:00', '21:00:00', 'Αρχιτεκτονική Υπολογιστών (Θ1, Γκουμόπουλος Χρήστος) - Νο.1', 3),
(15259, 379, '2014-09-29', '18:00:00', '21:00:00', 'Αρχιτεκτονική Υπολογιστών (Θ1, Γκουμόπουλος Χρήστος) - Νο.1', 3),
(15258, 379, '2014-09-22', '18:00:00', '21:00:00', 'Αρχιτεκτονική Υπολογιστών (Θ1, Γκουμόπουλος Χρήστος) - Νο.1', 3),
(15257, 378, '2015-09-21', '15:00:00', '18:00:00', 'Στοχαστική Ανάλυση (Θ1, Κωνσταντίνου Ελισάβετ) - Ν. Σχολικό', 3),
(15256, 378, '2015-09-14', '15:00:00', '18:00:00', 'Στοχαστική Ανάλυση (Θ1, Κωνσταντίνου Ελισάβετ) - Ν. Σχολικό', 3),
(15255, 378, '2015-09-07', '15:00:00', '18:00:00', 'Στοχαστική Ανάλυση (Θ1, Κωνσταντίνου Ελισάβετ) - Ν. Σχολικό', 3),
(15254, 378, '2015-08-31', '15:00:00', '18:00:00', 'Στοχαστική Ανάλυση (Θ1, Κωνσταντίνου Ελισάβετ) - Ν. Σχολικό', 3),
(15253, 378, '2015-08-24', '15:00:00', '18:00:00', 'Στοχαστική Ανάλυση (Θ1, Κωνσταντίνου Ελισάβετ) - Ν. Σχολικό', 3),
(15252, 378, '2015-08-17', '15:00:00', '18:00:00', 'Στοχαστική Ανάλυση (Θ1, Κωνσταντίνου Ελισάβετ) - Ν. Σχολικό', 3),
(15251, 378, '2015-08-10', '15:00:00', '18:00:00', 'Στοχαστική Ανάλυση (Θ1, Κωνσταντίνου Ελισάβετ) - Ν. Σχολικό', 3),
(15250, 378, '2015-08-03', '15:00:00', '18:00:00', 'Στοχαστική Ανάλυση (Θ1, Κωνσταντίνου Ελισάβετ) - Ν. Σχολικό', 3),
(15249, 378, '2015-07-27', '15:00:00', '18:00:00', 'Στοχαστική Ανάλυση (Θ1, Κωνσταντίνου Ελισάβετ) - Ν. Σχολικό', 3),
(15248, 378, '2015-07-20', '15:00:00', '18:00:00', 'Στοχαστική Ανάλυση (Θ1, Κωνσταντίνου Ελισάβετ) - Ν. Σχολικό', 3),
(15247, 378, '2015-07-13', '15:00:00', '18:00:00', 'Στοχαστική Ανάλυση (Θ1, Κωνσταντίνου Ελισάβετ) - Ν. Σχολικό', 3),
(15246, 378, '2015-07-06', '15:00:00', '18:00:00', 'Στοχαστική Ανάλυση (Θ1, Κωνσταντίνου Ελισάβετ) - Ν. Σχολικό', 3),
(15245, 378, '2015-06-29', '15:00:00', '18:00:00', 'Στοχαστική Ανάλυση (Θ1, Κωνσταντίνου Ελισάβετ) - Ν. Σχολικό', 3),
(15244, 378, '2015-06-22', '15:00:00', '18:00:00', 'Στοχαστική Ανάλυση (Θ1, Κωνσταντίνου Ελισάβετ) - Ν. Σχολικό', 3),
(15243, 378, '2015-06-15', '15:00:00', '18:00:00', 'Στοχαστική Ανάλυση (Θ1, Κωνσταντίνου Ελισάβετ) - Ν. Σχολικό', 3),
(15242, 378, '2015-06-08', '15:00:00', '18:00:00', 'Στοχαστική Ανάλυση (Θ1, Κωνσταντίνου Ελισάβετ) - Ν. Σχολικό', 3),
(15241, 378, '2015-06-01', '15:00:00', '18:00:00', 'Στοχαστική Ανάλυση (Θ1, Κωνσταντίνου Ελισάβετ) - Ν. Σχολικό', 3),
(15240, 378, '2015-05-25', '15:00:00', '18:00:00', 'Στοχαστική Ανάλυση (Θ1, Κωνσταντίνου Ελισάβετ) - Ν. Σχολικό', 3),
(15239, 378, '2015-05-18', '15:00:00', '18:00:00', 'Στοχαστική Ανάλυση (Θ1, Κωνσταντίνου Ελισάβετ) - Ν. Σχολικό', 3),
(15238, 378, '2015-05-11', '15:00:00', '18:00:00', 'Στοχαστική Ανάλυση (Θ1, Κωνσταντίνου Ελισάβετ) - Ν. Σχολικό', 3),
(15237, 378, '2015-05-04', '15:00:00', '18:00:00', 'Στοχαστική Ανάλυση (Θ1, Κωνσταντίνου Ελισάβετ) - Ν. Σχολικό', 3),
(15236, 378, '2015-04-27', '15:00:00', '18:00:00', 'Στοχαστική Ανάλυση (Θ1, Κωνσταντίνου Ελισάβετ) - Ν. Σχολικό', 3),
(15235, 378, '2015-04-20', '15:00:00', '18:00:00', 'Στοχαστική Ανάλυση (Θ1, Κωνσταντίνου Ελισάβετ) - Ν. Σχολικό', 3),
(15234, 378, '2015-04-13', '15:00:00', '18:00:00', 'Στοχαστική Ανάλυση (Θ1, Κωνσταντίνου Ελισάβετ) - Ν. Σχολικό', 3),
(15233, 378, '2015-04-06', '15:00:00', '18:00:00', 'Στοχαστική Ανάλυση (Θ1, Κωνσταντίνου Ελισάβετ) - Ν. Σχολικό', 3),
(15232, 378, '2015-03-30', '15:00:00', '18:00:00', 'Στοχαστική Ανάλυση (Θ1, Κωνσταντίνου Ελισάβετ) - Ν. Σχολικό', 3),
(15231, 378, '2015-03-23', '15:00:00', '18:00:00', 'Στοχαστική Ανάλυση (Θ1, Κωνσταντίνου Ελισάβετ) - Ν. Σχολικό', 3),
(15230, 378, '2015-03-16', '15:00:00', '18:00:00', 'Στοχαστική Ανάλυση (Θ1, Κωνσταντίνου Ελισάβετ) - Ν. Σχολικό', 3),
(15229, 378, '2015-03-09', '15:00:00', '18:00:00', 'Στοχαστική Ανάλυση (Θ1, Κωνσταντίνου Ελισάβετ) - Ν. Σχολικό', 3),
(15228, 378, '2015-03-02', '15:00:00', '18:00:00', 'Στοχαστική Ανάλυση (Θ1, Κωνσταντίνου Ελισάβετ) - Ν. Σχολικό', 3),
(15227, 378, '2015-02-23', '15:00:00', '18:00:00', 'Στοχαστική Ανάλυση (Θ1, Κωνσταντίνου Ελισάβετ) - Ν. Σχολικό', 3),
(15226, 378, '2015-02-16', '15:00:00', '18:00:00', 'Στοχαστική Ανάλυση (Θ1, Κωνσταντίνου Ελισάβετ) - Ν. Σχολικό', 3),
(15225, 378, '2015-02-09', '15:00:00', '18:00:00', 'Στοχαστική Ανάλυση (Θ1, Κωνσταντίνου Ελισάβετ) - Ν. Σχολικό', 3),
(15224, 378, '2015-02-02', '15:00:00', '18:00:00', 'Στοχαστική Ανάλυση (Θ1, Κωνσταντίνου Ελισάβετ) - Ν. Σχολικό', 3),
(15223, 378, '2015-01-26', '15:00:00', '18:00:00', 'Στοχαστική Ανάλυση (Θ1, Κωνσταντίνου Ελισάβετ) - Ν. Σχολικό', 3),
(15222, 378, '2015-01-19', '15:00:00', '18:00:00', 'Στοχαστική Ανάλυση (Θ1, Κωνσταντίνου Ελισάβετ) - Ν. Σχολικό', 3),
(15221, 378, '2015-01-12', '15:00:00', '18:00:00', 'Στοχαστική Ανάλυση (Θ1, Κωνσταντίνου Ελισάβετ) - Ν. Σχολικό', 3),
(15220, 378, '2015-01-05', '15:00:00', '18:00:00', 'Στοχαστική Ανάλυση (Θ1, Κωνσταντίνου Ελισάβετ) - Ν. Σχολικό', 3),
(15219, 378, '2014-12-29', '15:00:00', '18:00:00', 'Στοχαστική Ανάλυση (Θ1, Κωνσταντίνου Ελισάβετ) - Ν. Σχολικό', 3),
(15218, 378, '2014-12-22', '15:00:00', '18:00:00', 'Στοχαστική Ανάλυση (Θ1, Κωνσταντίνου Ελισάβετ) - Ν. Σχολικό', 3),
(15217, 378, '2014-12-15', '15:00:00', '18:00:00', 'Στοχαστική Ανάλυση (Θ1, Κωνσταντίνου Ελισάβετ) - Ν. Σχολικό', 3),
(15216, 378, '2014-12-08', '15:00:00', '18:00:00', 'Στοχαστική Ανάλυση (Θ1, Κωνσταντίνου Ελισάβετ) - Ν. Σχολικό', 3),
(15215, 378, '2014-12-01', '15:00:00', '18:00:00', 'Στοχαστική Ανάλυση (Θ1, Κωνσταντίνου Ελισάβετ) - Ν. Σχολικό', 3),
(15214, 378, '2014-11-24', '15:00:00', '18:00:00', 'Στοχαστική Ανάλυση (Θ1, Κωνσταντίνου Ελισάβετ) - Ν. Σχολικό', 3);
INSERT INTO `Event` (`event_id`, `parent_id`, `start_date`, `start_time`, `end_time`, `title`, `duration`) VALUES
(15213, 378, '2014-11-17', '15:00:00', '18:00:00', 'Στοχαστική Ανάλυση (Θ1, Κωνσταντίνου Ελισάβετ) - Ν. Σχολικό', 3),
(15212, 378, '2014-11-10', '15:00:00', '18:00:00', 'Στοχαστική Ανάλυση (Θ1, Κωνσταντίνου Ελισάβετ) - Ν. Σχολικό', 3),
(15211, 378, '2014-11-03', '15:00:00', '18:00:00', 'Στοχαστική Ανάλυση (Θ1, Κωνσταντίνου Ελισάβετ) - Ν. Σχολικό', 3),
(15210, 378, '2014-10-27', '15:00:00', '18:00:00', 'Στοχαστική Ανάλυση (Θ1, Κωνσταντίνου Ελισάβετ) - Ν. Σχολικό', 3),
(15209, 378, '2014-10-20', '15:00:00', '18:00:00', 'Στοχαστική Ανάλυση (Θ1, Κωνσταντίνου Ελισάβετ) - Ν. Σχολικό', 3),
(15208, 378, '2014-10-13', '15:00:00', '18:00:00', 'Στοχαστική Ανάλυση (Θ1, Κωνσταντίνου Ελισάβετ) - Ν. Σχολικό', 3),
(15207, 378, '2014-10-06', '15:00:00', '18:00:00', 'Στοχαστική Ανάλυση (Θ1, Κωνσταντίνου Ελισάβετ) - Ν. Σχολικό', 3),
(15206, 378, '2014-09-29', '15:00:00', '18:00:00', 'Στοχαστική Ανάλυση (Θ1, Κωνσταντίνου Ελισάβετ) - Ν. Σχολικό', 3),
(15204, 377, '2015-09-24', '12:00:00', '14:00:00', 'Δομές Δεδομένων (Ε4, Δούμα Αναστασία) - ΗΛΕΚΤΡΑ', 2),
(15205, 378, '2014-09-22', '15:00:00', '18:00:00', 'Στοχαστική Ανάλυση (Θ1, Κωνσταντίνου Ελισάβετ) - Ν. Σχολικό', 3),
(15203, 377, '2015-09-17', '12:00:00', '14:00:00', 'Δομές Δεδομένων (Ε4, Δούμα Αναστασία) - ΗΛΕΚΤΡΑ', 2),
(15202, 377, '2015-09-10', '12:00:00', '14:00:00', 'Δομές Δεδομένων (Ε4, Δούμα Αναστασία) - ΗΛΕΚΤΡΑ', 2),
(15200, 377, '2015-08-27', '12:00:00', '14:00:00', 'Δομές Δεδομένων (Ε4, Δούμα Αναστασία) - ΗΛΕΚΤΡΑ', 2),
(15201, 377, '2015-09-03', '12:00:00', '14:00:00', 'Δομές Δεδομένων (Ε4, Δούμα Αναστασία) - ΗΛΕΚΤΡΑ', 2),
(15199, 377, '2015-08-20', '12:00:00', '14:00:00', 'Δομές Δεδομένων (Ε4, Δούμα Αναστασία) - ΗΛΕΚΤΡΑ', 2),
(15198, 377, '2015-08-13', '12:00:00', '14:00:00', 'Δομές Δεδομένων (Ε4, Δούμα Αναστασία) - ΗΛΕΚΤΡΑ', 2),
(15196, 377, '2015-07-30', '12:00:00', '14:00:00', 'Δομές Δεδομένων (Ε4, Δούμα Αναστασία) - ΗΛΕΚΤΡΑ', 2),
(15197, 377, '2015-08-06', '12:00:00', '14:00:00', 'Δομές Δεδομένων (Ε4, Δούμα Αναστασία) - ΗΛΕΚΤΡΑ', 2),
(15195, 377, '2015-07-23', '12:00:00', '14:00:00', 'Δομές Δεδομένων (Ε4, Δούμα Αναστασία) - ΗΛΕΚΤΡΑ', 2),
(15194, 377, '2015-07-16', '12:00:00', '14:00:00', 'Δομές Δεδομένων (Ε4, Δούμα Αναστασία) - ΗΛΕΚΤΡΑ', 2),
(15192, 377, '2015-07-02', '12:00:00', '14:00:00', 'Δομές Δεδομένων (Ε4, Δούμα Αναστασία) - ΗΛΕΚΤΡΑ', 2),
(15193, 377, '2015-07-09', '12:00:00', '14:00:00', 'Δομές Δεδομένων (Ε4, Δούμα Αναστασία) - ΗΛΕΚΤΡΑ', 2),
(15191, 377, '2015-06-25', '12:00:00', '14:00:00', 'Δομές Δεδομένων (Ε4, Δούμα Αναστασία) - ΗΛΕΚΤΡΑ', 2),
(15190, 377, '2015-06-18', '12:00:00', '14:00:00', 'Δομές Δεδομένων (Ε4, Δούμα Αναστασία) - ΗΛΕΚΤΡΑ', 2),
(15188, 377, '2015-06-04', '12:00:00', '14:00:00', 'Δομές Δεδομένων (Ε4, Δούμα Αναστασία) - ΗΛΕΚΤΡΑ', 2),
(15189, 377, '2015-06-11', '12:00:00', '14:00:00', 'Δομές Δεδομένων (Ε4, Δούμα Αναστασία) - ΗΛΕΚΤΡΑ', 2),
(15187, 377, '2015-05-28', '12:00:00', '14:00:00', 'Δομές Δεδομένων (Ε4, Δούμα Αναστασία) - ΗΛΕΚΤΡΑ', 2),
(15186, 377, '2015-05-21', '12:00:00', '14:00:00', 'Δομές Δεδομένων (Ε4, Δούμα Αναστασία) - ΗΛΕΚΤΡΑ', 2),
(15184, 377, '2015-05-07', '12:00:00', '14:00:00', 'Δομές Δεδομένων (Ε4, Δούμα Αναστασία) - ΗΛΕΚΤΡΑ', 2),
(15185, 377, '2015-05-14', '12:00:00', '14:00:00', 'Δομές Δεδομένων (Ε4, Δούμα Αναστασία) - ΗΛΕΚΤΡΑ', 2),
(15183, 377, '2015-04-30', '12:00:00', '14:00:00', 'Δομές Δεδομένων (Ε4, Δούμα Αναστασία) - ΗΛΕΚΤΡΑ', 2),
(15182, 377, '2015-04-23', '12:00:00', '14:00:00', 'Δομές Δεδομένων (Ε4, Δούμα Αναστασία) - ΗΛΕΚΤΡΑ', 2),
(15180, 377, '2015-04-09', '12:00:00', '14:00:00', 'Δομές Δεδομένων (Ε4, Δούμα Αναστασία) - ΗΛΕΚΤΡΑ', 2),
(15181, 377, '2015-04-16', '12:00:00', '14:00:00', 'Δομές Δεδομένων (Ε4, Δούμα Αναστασία) - ΗΛΕΚΤΡΑ', 2),
(15179, 377, '2015-04-02', '12:00:00', '14:00:00', 'Δομές Δεδομένων (Ε4, Δούμα Αναστασία) - ΗΛΕΚΤΡΑ', 2),
(15178, 377, '2015-03-26', '12:00:00', '14:00:00', 'Δομές Δεδομένων (Ε4, Δούμα Αναστασία) - ΗΛΕΚΤΡΑ', 2),
(15176, 377, '2015-03-12', '12:00:00', '14:00:00', 'Δομές Δεδομένων (Ε4, Δούμα Αναστασία) - ΗΛΕΚΤΡΑ', 2),
(15177, 377, '2015-03-19', '12:00:00', '14:00:00', 'Δομές Δεδομένων (Ε4, Δούμα Αναστασία) - ΗΛΕΚΤΡΑ', 2),
(15175, 377, '2015-03-05', '12:00:00', '14:00:00', 'Δομές Δεδομένων (Ε4, Δούμα Αναστασία) - ΗΛΕΚΤΡΑ', 2),
(15174, 377, '2015-02-26', '12:00:00', '14:00:00', 'Δομές Δεδομένων (Ε4, Δούμα Αναστασία) - ΗΛΕΚΤΡΑ', 2),
(15172, 377, '2015-02-12', '12:00:00', '14:00:00', 'Δομές Δεδομένων (Ε4, Δούμα Αναστασία) - ΗΛΕΚΤΡΑ', 2),
(15173, 377, '2015-02-19', '12:00:00', '14:00:00', 'Δομές Δεδομένων (Ε4, Δούμα Αναστασία) - ΗΛΕΚΤΡΑ', 2),
(15171, 377, '2015-02-05', '12:00:00', '14:00:00', 'Δομές Δεδομένων (Ε4, Δούμα Αναστασία) - ΗΛΕΚΤΡΑ', 2),
(15170, 377, '2015-01-29', '12:00:00', '14:00:00', 'Δομές Δεδομένων (Ε4, Δούμα Αναστασία) - ΗΛΕΚΤΡΑ', 2),
(15168, 377, '2015-01-15', '12:00:00', '14:00:00', 'Δομές Δεδομένων (Ε4, Δούμα Αναστασία) - ΗΛΕΚΤΡΑ', 2),
(15169, 377, '2015-01-22', '12:00:00', '14:00:00', 'Δομές Δεδομένων (Ε4, Δούμα Αναστασία) - ΗΛΕΚΤΡΑ', 2),
(15167, 377, '2015-01-08', '12:00:00', '14:00:00', 'Δομές Δεδομένων (Ε4, Δούμα Αναστασία) - ΗΛΕΚΤΡΑ', 2),
(15166, 377, '2015-01-01', '12:00:00', '14:00:00', 'Δομές Δεδομένων (Ε4, Δούμα Αναστασία) - ΗΛΕΚΤΡΑ', 2),
(15164, 377, '2014-12-18', '12:00:00', '14:00:00', 'Δομές Δεδομένων (Ε4, Δούμα Αναστασία) - ΗΛΕΚΤΡΑ', 2),
(15165, 377, '2014-12-25', '12:00:00', '14:00:00', 'Δομές Δεδομένων (Ε4, Δούμα Αναστασία) - ΗΛΕΚΤΡΑ', 2),
(15163, 377, '2014-12-11', '12:00:00', '14:00:00', 'Δομές Δεδομένων (Ε4, Δούμα Αναστασία) - ΗΛΕΚΤΡΑ', 2),
(15162, 377, '2014-12-04', '12:00:00', '14:00:00', 'Δομές Δεδομένων (Ε4, Δούμα Αναστασία) - ΗΛΕΚΤΡΑ', 2),
(15160, 377, '2014-11-20', '12:00:00', '14:00:00', 'Δομές Δεδομένων (Ε4, Δούμα Αναστασία) - ΗΛΕΚΤΡΑ', 2),
(15161, 377, '2014-11-27', '12:00:00', '14:00:00', 'Δομές Δεδομένων (Ε4, Δούμα Αναστασία) - ΗΛΕΚΤΡΑ', 2),
(15159, 377, '2014-11-13', '12:00:00', '14:00:00', 'Δομές Δεδομένων (Ε4, Δούμα Αναστασία) - ΗΛΕΚΤΡΑ', 2),
(15158, 377, '2014-11-06', '12:00:00', '14:00:00', 'Δομές Δεδομένων (Ε4, Δούμα Αναστασία) - ΗΛΕΚΤΡΑ', 2),
(15156, 377, '2014-10-23', '12:00:00', '14:00:00', 'Δομές Δεδομένων (Ε4, Δούμα Αναστασία) - ΗΛΕΚΤΡΑ', 2),
(15157, 377, '2014-10-30', '12:00:00', '14:00:00', 'Δομές Δεδομένων (Ε4, Δούμα Αναστασία) - ΗΛΕΚΤΡΑ', 2),
(15155, 377, '2014-10-16', '12:00:00', '14:00:00', 'Δομές Δεδομένων (Ε4, Δούμα Αναστασία) - ΗΛΕΚΤΡΑ', 2),
(15154, 377, '2014-10-09', '12:00:00', '14:00:00', 'Δομές Δεδομένων (Ε4, Δούμα Αναστασία) - ΗΛΕΚΤΡΑ', 2),
(15152, 377, '2014-09-25', '12:00:00', '14:00:00', 'Δομές Δεδομένων (Ε4, Δούμα Αναστασία) - ΗΛΕΚΤΡΑ', 2),
(15153, 377, '2014-10-02', '12:00:00', '14:00:00', 'Δομές Δεδομένων (Ε4, Δούμα Αναστασία) - ΗΛΕΚΤΡΑ', 2),
(15151, 376, '2015-09-23', '13:00:00', '15:00:00', 'Δομές Δεδομένων (Ε3, Δούμα Αναστασία) - ΗΛΕΚΤΡΑ', 2),
(15150, 376, '2015-09-16', '13:00:00', '15:00:00', 'Δομές Δεδομένων (Ε3, Δούμα Αναστασία) - ΗΛΕΚΤΡΑ', 2),
(15148, 376, '2015-09-02', '13:00:00', '15:00:00', 'Δομές Δεδομένων (Ε3, Δούμα Αναστασία) - ΗΛΕΚΤΡΑ', 2),
(15149, 376, '2015-09-09', '13:00:00', '15:00:00', 'Δομές Δεδομένων (Ε3, Δούμα Αναστασία) - ΗΛΕΚΤΡΑ', 2),
(15147, 376, '2015-08-26', '13:00:00', '15:00:00', 'Δομές Δεδομένων (Ε3, Δούμα Αναστασία) - ΗΛΕΚΤΡΑ', 2),
(15146, 376, '2015-08-19', '13:00:00', '15:00:00', 'Δομές Δεδομένων (Ε3, Δούμα Αναστασία) - ΗΛΕΚΤΡΑ', 2),
(15145, 376, '2015-08-12', '13:00:00', '15:00:00', 'Δομές Δεδομένων (Ε3, Δούμα Αναστασία) - ΗΛΕΚΤΡΑ', 2),
(15144, 376, '2015-08-05', '13:00:00', '15:00:00', 'Δομές Δεδομένων (Ε3, Δούμα Αναστασία) - ΗΛΕΚΤΡΑ', 2),
(15143, 376, '2015-07-29', '13:00:00', '15:00:00', 'Δομές Δεδομένων (Ε3, Δούμα Αναστασία) - ΗΛΕΚΤΡΑ', 2),
(15142, 376, '2015-07-22', '13:00:00', '15:00:00', 'Δομές Δεδομένων (Ε3, Δούμα Αναστασία) - ΗΛΕΚΤΡΑ', 2),
(15141, 376, '2015-07-15', '13:00:00', '15:00:00', 'Δομές Δεδομένων (Ε3, Δούμα Αναστασία) - ΗΛΕΚΤΡΑ', 2),
(15140, 376, '2015-07-08', '13:00:00', '15:00:00', 'Δομές Δεδομένων (Ε3, Δούμα Αναστασία) - ΗΛΕΚΤΡΑ', 2),
(15139, 376, '2015-07-01', '13:00:00', '15:00:00', 'Δομές Δεδομένων (Ε3, Δούμα Αναστασία) - ΗΛΕΚΤΡΑ', 2),
(15138, 376, '2015-06-24', '13:00:00', '15:00:00', 'Δομές Δεδομένων (Ε3, Δούμα Αναστασία) - ΗΛΕΚΤΡΑ', 2),
(15137, 376, '2015-06-17', '13:00:00', '15:00:00', 'Δομές Δεδομένων (Ε3, Δούμα Αναστασία) - ΗΛΕΚΤΡΑ', 2),
(15136, 376, '2015-06-10', '13:00:00', '15:00:00', 'Δομές Δεδομένων (Ε3, Δούμα Αναστασία) - ΗΛΕΚΤΡΑ', 2),
(15135, 376, '2015-06-03', '13:00:00', '15:00:00', 'Δομές Δεδομένων (Ε3, Δούμα Αναστασία) - ΗΛΕΚΤΡΑ', 2),
(15134, 376, '2015-05-27', '13:00:00', '15:00:00', 'Δομές Δεδομένων (Ε3, Δούμα Αναστασία) - ΗΛΕΚΤΡΑ', 2),
(15133, 376, '2015-05-20', '13:00:00', '15:00:00', 'Δομές Δεδομένων (Ε3, Δούμα Αναστασία) - ΗΛΕΚΤΡΑ', 2),
(15132, 376, '2015-05-13', '13:00:00', '15:00:00', 'Δομές Δεδομένων (Ε3, Δούμα Αναστασία) - ΗΛΕΚΤΡΑ', 2),
(15131, 376, '2015-05-06', '13:00:00', '15:00:00', 'Δομές Δεδομένων (Ε3, Δούμα Αναστασία) - ΗΛΕΚΤΡΑ', 2),
(15130, 376, '2015-04-29', '13:00:00', '15:00:00', 'Δομές Δεδομένων (Ε3, Δούμα Αναστασία) - ΗΛΕΚΤΡΑ', 2),
(15129, 376, '2015-04-22', '13:00:00', '15:00:00', 'Δομές Δεδομένων (Ε3, Δούμα Αναστασία) - ΗΛΕΚΤΡΑ', 2),
(15128, 376, '2015-04-15', '13:00:00', '15:00:00', 'Δομές Δεδομένων (Ε3, Δούμα Αναστασία) - ΗΛΕΚΤΡΑ', 2),
(15127, 376, '2015-04-08', '13:00:00', '15:00:00', 'Δομές Δεδομένων (Ε3, Δούμα Αναστασία) - ΗΛΕΚΤΡΑ', 2),
(15126, 376, '2015-04-01', '13:00:00', '15:00:00', 'Δομές Δεδομένων (Ε3, Δούμα Αναστασία) - ΗΛΕΚΤΡΑ', 2),
(15125, 376, '2015-03-25', '13:00:00', '15:00:00', 'Δομές Δεδομένων (Ε3, Δούμα Αναστασία) - ΗΛΕΚΤΡΑ', 2),
(15124, 376, '2015-03-18', '13:00:00', '15:00:00', 'Δομές Δεδομένων (Ε3, Δούμα Αναστασία) - ΗΛΕΚΤΡΑ', 2),
(15123, 376, '2015-03-11', '13:00:00', '15:00:00', 'Δομές Δεδομένων (Ε3, Δούμα Αναστασία) - ΗΛΕΚΤΡΑ', 2),
(15122, 376, '2015-03-04', '13:00:00', '15:00:00', 'Δομές Δεδομένων (Ε3, Δούμα Αναστασία) - ΗΛΕΚΤΡΑ', 2),
(15121, 376, '2015-02-25', '13:00:00', '15:00:00', 'Δομές Δεδομένων (Ε3, Δούμα Αναστασία) - ΗΛΕΚΤΡΑ', 2),
(15120, 376, '2015-02-18', '13:00:00', '15:00:00', 'Δομές Δεδομένων (Ε3, Δούμα Αναστασία) - ΗΛΕΚΤΡΑ', 2),
(15119, 376, '2015-02-11', '13:00:00', '15:00:00', 'Δομές Δεδομένων (Ε3, Δούμα Αναστασία) - ΗΛΕΚΤΡΑ', 2),
(15118, 376, '2015-02-04', '13:00:00', '15:00:00', 'Δομές Δεδομένων (Ε3, Δούμα Αναστασία) - ΗΛΕΚΤΡΑ', 2),
(15117, 376, '2015-01-28', '13:00:00', '15:00:00', 'Δομές Δεδομένων (Ε3, Δούμα Αναστασία) - ΗΛΕΚΤΡΑ', 2),
(15116, 376, '2015-01-21', '13:00:00', '15:00:00', 'Δομές Δεδομένων (Ε3, Δούμα Αναστασία) - ΗΛΕΚΤΡΑ', 2),
(15115, 376, '2015-01-14', '13:00:00', '15:00:00', 'Δομές Δεδομένων (Ε3, Δούμα Αναστασία) - ΗΛΕΚΤΡΑ', 2),
(15114, 376, '2015-01-07', '13:00:00', '15:00:00', 'Δομές Δεδομένων (Ε3, Δούμα Αναστασία) - ΗΛΕΚΤΡΑ', 2),
(15113, 376, '2014-12-31', '13:00:00', '15:00:00', 'Δομές Δεδομένων (Ε3, Δούμα Αναστασία) - ΗΛΕΚΤΡΑ', 2),
(15112, 376, '2014-12-24', '13:00:00', '15:00:00', 'Δομές Δεδομένων (Ε3, Δούμα Αναστασία) - ΗΛΕΚΤΡΑ', 2),
(15111, 376, '2014-12-17', '13:00:00', '15:00:00', 'Δομές Δεδομένων (Ε3, Δούμα Αναστασία) - ΗΛΕΚΤΡΑ', 2),
(15110, 376, '2014-12-10', '13:00:00', '15:00:00', 'Δομές Δεδομένων (Ε3, Δούμα Αναστασία) - ΗΛΕΚΤΡΑ', 2),
(15109, 376, '2014-12-03', '13:00:00', '15:00:00', 'Δομές Δεδομένων (Ε3, Δούμα Αναστασία) - ΗΛΕΚΤΡΑ', 2),
(15108, 376, '2014-11-26', '13:00:00', '15:00:00', 'Δομές Δεδομένων (Ε3, Δούμα Αναστασία) - ΗΛΕΚΤΡΑ', 2),
(15107, 376, '2014-11-19', '13:00:00', '15:00:00', 'Δομές Δεδομένων (Ε3, Δούμα Αναστασία) - ΗΛΕΚΤΡΑ', 2),
(15106, 376, '2014-11-12', '13:00:00', '15:00:00', 'Δομές Δεδομένων (Ε3, Δούμα Αναστασία) - ΗΛΕΚΤΡΑ', 2),
(15105, 376, '2014-11-05', '13:00:00', '15:00:00', 'Δομές Δεδομένων (Ε3, Δούμα Αναστασία) - ΗΛΕΚΤΡΑ', 2),
(15104, 376, '2014-10-29', '13:00:00', '15:00:00', 'Δομές Δεδομένων (Ε3, Δούμα Αναστασία) - ΗΛΕΚΤΡΑ', 2),
(15103, 376, '2014-10-22', '13:00:00', '15:00:00', 'Δομές Δεδομένων (Ε3, Δούμα Αναστασία) - ΗΛΕΚΤΡΑ', 2),
(15102, 376, '2014-10-15', '13:00:00', '15:00:00', 'Δομές Δεδομένων (Ε3, Δούμα Αναστασία) - ΗΛΕΚΤΡΑ', 2),
(15101, 376, '2014-10-08', '13:00:00', '15:00:00', 'Δομές Δεδομένων (Ε3, Δούμα Αναστασία) - ΗΛΕΚΤΡΑ', 2),
(15100, 376, '2014-10-01', '13:00:00', '15:00:00', 'Δομές Δεδομένων (Ε3, Δούμα Αναστασία) - ΗΛΕΚΤΡΑ', 2),
(15099, 376, '2014-09-24', '13:00:00', '15:00:00', 'Δομές Δεδομένων (Ε3, Δούμα Αναστασία) - ΗΛΕΚΤΡΑ', 2),
(15045, 374, '2015-09-22', '13:00:00', '15:00:00', 'Δομές Δεδομένων (Ε2, Δούμα Αναστασία) - ΗΛΕΚΤΡΑ', 2),
(15044, 374, '2015-09-15', '13:00:00', '15:00:00', 'Δομές Δεδομένων (Ε2, Δούμα Αναστασία) - ΗΛΕΚΤΡΑ', 2),
(15043, 374, '2015-09-08', '13:00:00', '15:00:00', 'Δομές Δεδομένων (Ε2, Δούμα Αναστασία) - ΗΛΕΚΤΡΑ', 2),
(15042, 374, '2015-09-01', '13:00:00', '15:00:00', 'Δομές Δεδομένων (Ε2, Δούμα Αναστασία) - ΗΛΕΚΤΡΑ', 2),
(15029, 374, '2015-06-02', '13:00:00', '15:00:00', 'Δομές Δεδομένων (Ε2, Δούμα Αναστασία) - ΗΛΕΚΤΡΑ', 2),
(15028, 374, '2015-05-26', '13:00:00', '15:00:00', 'Δομές Δεδομένων (Ε2, Δούμα Αναστασία) - ΗΛΕΚΤΡΑ', 2),
(15027, 374, '2015-05-19', '13:00:00', '15:00:00', 'Δομές Δεδομένων (Ε2, Δούμα Αναστασία) - ΗΛΕΚΤΡΑ', 2),
(15026, 374, '2015-05-12', '13:00:00', '15:00:00', 'Δομές Δεδομένων (Ε2, Δούμα Αναστασία) - ΗΛΕΚΤΡΑ', 2),
(15025, 374, '2015-05-05', '13:00:00', '15:00:00', 'Δομές Δεδομένων (Ε2, Δούμα Αναστασία) - ΗΛΕΚΤΡΑ', 2),
(15024, 374, '2015-04-28', '13:00:00', '15:00:00', 'Δομές Δεδομένων (Ε2, Δούμα Αναστασία) - ΗΛΕΚΤΡΑ', 2),
(15023, 374, '2015-04-21', '13:00:00', '15:00:00', 'Δομές Δεδομένων (Ε2, Δούμα Αναστασία) - ΗΛΕΚΤΡΑ', 2),
(15022, 374, '2015-04-14', '13:00:00', '15:00:00', 'Δομές Δεδομένων (Ε2, Δούμα Αναστασία) - ΗΛΕΚΤΡΑ', 2),
(15021, 374, '2015-04-07', '13:00:00', '15:00:00', 'Δομές Δεδομένων (Ε2, Δούμα Αναστασία) - ΗΛΕΚΤΡΑ', 2),
(15020, 374, '2015-03-31', '13:00:00', '15:00:00', 'Δομές Δεδομένων (Ε2, Δούμα Αναστασία) - ΗΛΕΚΤΡΑ', 2),
(15019, 374, '2015-03-24', '13:00:00', '15:00:00', 'Δομές Δεδομένων (Ε2, Δούμα Αναστασία) - ΗΛΕΚΤΡΑ', 2),
(15018, 374, '2015-03-17', '13:00:00', '15:00:00', 'Δομές Δεδομένων (Ε2, Δούμα Αναστασία) - ΗΛΕΚΤΡΑ', 2),
(15017, 374, '2015-03-10', '13:00:00', '15:00:00', 'Δομές Δεδομένων (Ε2, Δούμα Αναστασία) - ΗΛΕΚΤΡΑ', 2),
(15016, 374, '2015-03-03', '13:00:00', '15:00:00', 'Δομές Δεδομένων (Ε2, Δούμα Αναστασία) - ΗΛΕΚΤΡΑ', 2),
(15015, 374, '2015-02-24', '13:00:00', '15:00:00', 'Δομές Δεδομένων (Ε2, Δούμα Αναστασία) - ΗΛΕΚΤΡΑ', 2),
(15014, 374, '2015-02-17', '13:00:00', '15:00:00', 'Δομές Δεδομένων (Ε2, Δούμα Αναστασία) - ΗΛΕΚΤΡΑ', 2),
(15013, 374, '2015-02-10', '13:00:00', '15:00:00', 'Δομές Δεδομένων (Ε2, Δούμα Αναστασία) - ΗΛΕΚΤΡΑ', 2),
(15012, 374, '2015-02-03', '13:00:00', '15:00:00', 'Δομές Δεδομένων (Ε2, Δούμα Αναστασία) - ΗΛΕΚΤΡΑ', 2),
(15011, 374, '2015-01-27', '13:00:00', '15:00:00', 'Δομές Δεδομένων (Ε2, Δούμα Αναστασία) - ΗΛΕΚΤΡΑ', 2),
(15010, 374, '2015-01-20', '13:00:00', '15:00:00', 'Δομές Δεδομένων (Ε2, Δούμα Αναστασία) - ΗΛΕΚΤΡΑ', 2),
(15009, 374, '2015-01-13', '13:00:00', '15:00:00', 'Δομές Δεδομένων (Ε2, Δούμα Αναστασία) - ΗΛΕΚΤΡΑ', 2),
(15008, 374, '2015-01-06', '13:00:00', '15:00:00', 'Δομές Δεδομένων (Ε2, Δούμα Αναστασία) - ΗΛΕΚΤΡΑ', 2),
(15007, 374, '2014-12-30', '13:00:00', '15:00:00', 'Δομές Δεδομένων (Ε2, Δούμα Αναστασία) - ΗΛΕΚΤΡΑ', 2),
(15006, 374, '2014-12-23', '13:00:00', '15:00:00', 'Δομές Δεδομένων (Ε2, Δούμα Αναστασία) - ΗΛΕΚΤΡΑ', 2),
(15005, 374, '2014-12-16', '13:00:00', '15:00:00', 'Δομές Δεδομένων (Ε2, Δούμα Αναστασία) - ΗΛΕΚΤΡΑ', 2),
(15004, 374, '2014-12-09', '13:00:00', '15:00:00', 'Δομές Δεδομένων (Ε2, Δούμα Αναστασία) - ΗΛΕΚΤΡΑ', 2),
(15003, 374, '2014-12-02', '13:00:00', '15:00:00', 'Δομές Δεδομένων (Ε2, Δούμα Αναστασία) - ΗΛΕΚΤΡΑ', 2),
(15002, 374, '2014-11-25', '13:00:00', '15:00:00', 'Δομές Δεδομένων (Ε2, Δούμα Αναστασία) - ΗΛΕΚΤΡΑ', 2),
(15001, 374, '2014-11-18', '13:00:00', '15:00:00', 'Δομές Δεδομένων (Ε2, Δούμα Αναστασία) - ΗΛΕΚΤΡΑ', 2),
(15000, 374, '2014-11-11', '13:00:00', '15:00:00', 'Δομές Δεδομένων (Ε2, Δούμα Αναστασία) - ΗΛΕΚΤΡΑ', 2),
(14999, 374, '2014-11-04', '13:00:00', '15:00:00', 'Δομές Δεδομένων (Ε2, Δούμα Αναστασία) - ΗΛΕΚΤΡΑ', 2),
(14998, 374, '2014-10-28', '13:00:00', '15:00:00', 'Δομές Δεδομένων (Ε2, Δούμα Αναστασία) - ΗΛΕΚΤΡΑ', 2),
(14997, 374, '2014-10-21', '13:00:00', '15:00:00', 'Δομές Δεδομένων (Ε2, Δούμα Αναστασία) - ΗΛΕΚΤΡΑ', 2),
(14996, 374, '2014-10-14', '13:00:00', '15:00:00', 'Δομές Δεδομένων (Ε2, Δούμα Αναστασία) - ΗΛΕΚΤΡΑ', 2),
(14995, 374, '2014-10-07', '13:00:00', '15:00:00', 'Δομές Δεδομένων (Ε2, Δούμα Αναστασία) - ΗΛΕΚΤΡΑ', 2),
(14994, 374, '2014-09-30', '13:00:00', '15:00:00', 'Δομές Δεδομένων (Ε2, Δούμα Αναστασία) - ΗΛΕΚΤΡΑ', 2),
(14993, 374, '2014-09-23', '13:00:00', '15:00:00', 'Δομές Δεδομένων (Ε2, Δούμα Αναστασία) - ΗΛΕΚΤΡΑ', 2),
(14992, 373, '2015-09-21', '13:00:00', '15:00:00', 'Δομές Δεδομένων (Ε1, Δούμα Αναστασία) - ΗΛΕΚΤΡΑ', 2),
(14991, 373, '2015-09-14', '13:00:00', '15:00:00', 'Δομές Δεδομένων (Ε1, Δούμα Αναστασία) - ΗΛΕΚΤΡΑ', 2),
(14974, 373, '2015-05-18', '13:00:00', '15:00:00', 'Δομές Δεδομένων (Ε1, Δούμα Αναστασία) - ΗΛΕΚΤΡΑ', 2),
(14975, 373, '2015-05-25', '13:00:00', '15:00:00', 'Δομές Δεδομένων (Ε1, Δούμα Αναστασία) - ΗΛΕΚΤΡΑ', 2),
(14976, 373, '2015-06-01', '13:00:00', '15:00:00', 'Δομές Δεδομένων (Ε1, Δούμα Αναστασία) - ΗΛΕΚΤΡΑ', 2),
(14977, 373, '2015-06-08', '13:00:00', '15:00:00', 'Δομές Δεδομένων (Ε1, Δούμα Αναστασία) - ΗΛΕΚΤΡΑ', 2),
(14978, 373, '2015-06-15', '13:00:00', '15:00:00', 'Δομές Δεδομένων (Ε1, Δούμα Αναστασία) - ΗΛΕΚΤΡΑ', 2),
(14979, 373, '2015-06-22', '13:00:00', '15:00:00', 'Δομές Δεδομένων (Ε1, Δούμα Αναστασία) - ΗΛΕΚΤΡΑ', 2),
(14980, 373, '2015-06-29', '13:00:00', '15:00:00', 'Δομές Δεδομένων (Ε1, Δούμα Αναστασία) - ΗΛΕΚΤΡΑ', 2),
(14981, 373, '2015-07-06', '13:00:00', '15:00:00', 'Δομές Δεδομένων (Ε1, Δούμα Αναστασία) - ΗΛΕΚΤΡΑ', 2),
(14982, 373, '2015-07-13', '13:00:00', '15:00:00', 'Δομές Δεδομένων (Ε1, Δούμα Αναστασία) - ΗΛΕΚΤΡΑ', 2),
(14983, 373, '2015-07-20', '13:00:00', '15:00:00', 'Δομές Δεδομένων (Ε1, Δούμα Αναστασία) - ΗΛΕΚΤΡΑ', 2),
(14984, 373, '2015-07-27', '13:00:00', '15:00:00', 'Δομές Δεδομένων (Ε1, Δούμα Αναστασία) - ΗΛΕΚΤΡΑ', 2),
(14985, 373, '2015-08-03', '13:00:00', '15:00:00', 'Δομές Δεδομένων (Ε1, Δούμα Αναστασία) - ΗΛΕΚΤΡΑ', 2),
(14986, 373, '2015-08-10', '13:00:00', '15:00:00', 'Δομές Δεδομένων (Ε1, Δούμα Αναστασία) - ΗΛΕΚΤΡΑ', 2),
(14987, 373, '2015-08-17', '13:00:00', '15:00:00', 'Δομές Δεδομένων (Ε1, Δούμα Αναστασία) - ΗΛΕΚΤΡΑ', 2),
(14988, 373, '2015-08-24', '13:00:00', '15:00:00', 'Δομές Δεδομένων (Ε1, Δούμα Αναστασία) - ΗΛΕΚΤΡΑ', 2),
(14989, 373, '2015-08-31', '13:00:00', '15:00:00', 'Δομές Δεδομένων (Ε1, Δούμα Αναστασία) - ΗΛΕΚΤΡΑ', 2),
(14990, 373, '2015-09-07', '13:00:00', '15:00:00', 'Δομές Δεδομένων (Ε1, Δούμα Αναστασία) - ΗΛΕΚΤΡΑ', 2),
(15527, 384, '2014-10-21', '19:00:00', '21:00:00', 'Μεθοδολογίες & Γλώσσες Προγραμματισμού ΙΙ (Ε2, Δούμα Αναστασία) - ΗΛΕΚΤΡΑ', 2),
(15526, 384, '2014-10-14', '19:00:00', '21:00:00', 'Μεθοδολογίες & Γλώσσες Προγραμματισμού ΙΙ (Ε2, Δούμα Αναστασία) - ΗΛΕΚΤΡΑ', 2),
(15525, 384, '2014-10-07', '19:00:00', '21:00:00', 'Μεθοδολογίες & Γλώσσες Προγραμματισμού ΙΙ (Ε2, Δούμα Αναστασία) - ΗΛΕΚΤΡΑ', 2),
(15524, 384, '2014-09-30', '19:00:00', '21:00:00', 'Μεθοδολογίες & Γλώσσες Προγραμματισμού ΙΙ (Ε2, Δούμα Αναστασία) - ΗΛΕΚΤΡΑ', 2),
(15522, 383, '2015-09-22', '17:00:00', '19:00:00', 'Μεθοδολογίες & Γλώσσες Προγραμματισμού ΙΙ (Ε1, Δούμα Αναστασία) - ΗΛΕΚΤΡΑ', 4),
(15523, 384, '2014-09-23', '19:00:00', '21:00:00', 'Μεθοδολογίες & Γλώσσες Προγραμματισμού ΙΙ (Ε2, Δούμα Αναστασία) - ΗΛΕΚΤΡΑ', 2),
(15520, 383, '2015-09-08', '17:00:00', '19:00:00', 'Μεθοδολογίες & Γλώσσες Προγραμματισμού ΙΙ (Ε1, Δούμα Αναστασία) - ΗΛΕΚΤΡΑ', 4),
(15521, 383, '2015-09-15', '17:00:00', '19:00:00', 'Μεθοδολογίες & Γλώσσες Προγραμματισμού ΙΙ (Ε1, Δούμα Αναστασία) - ΗΛΕΚΤΡΑ', 4),
(15519, 383, '2015-09-01', '17:00:00', '19:00:00', 'Μεθοδολογίες & Γλώσσες Προγραμματισμού ΙΙ (Ε1, Δούμα Αναστασία) - ΗΛΕΚΤΡΑ', 4),
(15518, 383, '2015-08-25', '17:00:00', '19:00:00', 'Μεθοδολογίες & Γλώσσες Προγραμματισμού ΙΙ (Ε1, Δούμα Αναστασία) - ΗΛΕΚΤΡΑ', 4),
(15517, 383, '2015-08-18', '17:00:00', '19:00:00', 'Μεθοδολογίες & Γλώσσες Προγραμματισμού ΙΙ (Ε1, Δούμα Αναστασία) - ΗΛΕΚΤΡΑ', 4),
(15516, 383, '2015-08-11', '17:00:00', '19:00:00', 'Μεθοδολογίες & Γλώσσες Προγραμματισμού ΙΙ (Ε1, Δούμα Αναστασία) - ΗΛΕΚΤΡΑ', 4),
(15515, 383, '2015-08-04', '17:00:00', '19:00:00', 'Μεθοδολογίες & Γλώσσες Προγραμματισμού ΙΙ (Ε1, Δούμα Αναστασία) - ΗΛΕΚΤΡΑ', 4),
(15513, 383, '2015-07-21', '17:00:00', '19:00:00', 'Μεθοδολογίες & Γλώσσες Προγραμματισμού ΙΙ (Ε1, Δούμα Αναστασία) - ΗΛΕΚΤΡΑ', 4),
(15514, 383, '2015-07-28', '17:00:00', '19:00:00', 'Μεθοδολογίες & Γλώσσες Προγραμματισμού ΙΙ (Ε1, Δούμα Αναστασία) - ΗΛΕΚΤΡΑ', 4),
(15506, 383, '2015-06-02', '17:00:00', '19:00:00', 'Μεθοδολογίες & Γλώσσες Προγραμματισμού ΙΙ (Ε1, Δούμα Αναστασία) - ΗΛΕΚΤΡΑ', 4),
(15507, 383, '2015-06-09', '17:00:00', '19:00:00', 'Μεθοδολογίες & Γλώσσες Προγραμματισμού ΙΙ (Ε1, Δούμα Αναστασία) - ΗΛΕΚΤΡΑ', 4),
(15508, 383, '2015-06-16', '17:00:00', '19:00:00', 'Μεθοδολογίες & Γλώσσες Προγραμματισμού ΙΙ (Ε1, Δούμα Αναστασία) - ΗΛΕΚΤΡΑ', 4),
(15509, 383, '2015-06-23', '17:00:00', '19:00:00', 'Μεθοδολογίες & Γλώσσες Προγραμματισμού ΙΙ (Ε1, Δούμα Αναστασία) - ΗΛΕΚΤΡΑ', 4),
(15510, 383, '2015-06-30', '17:00:00', '19:00:00', 'Μεθοδολογίες & Γλώσσες Προγραμματισμού ΙΙ (Ε1, Δούμα Αναστασία) - ΗΛΕΚΤΡΑ', 4),
(15511, 383, '2015-07-07', '17:00:00', '19:00:00', 'Μεθοδολογίες & Γλώσσες Προγραμματισμού ΙΙ (Ε1, Δούμα Αναστασία) - ΗΛΕΚΤΡΑ', 4),
(15512, 383, '2015-07-14', '17:00:00', '19:00:00', 'Μεθοδολογίες & Γλώσσες Προγραμματισμού ΙΙ (Ε1, Δούμα Αναστασία) - ΗΛΕΚΤΡΑ', 4),
(15561, 384, '2015-06-16', '19:00:00', '21:00:00', 'Μεθοδολογίες & Γλώσσες Προγραμματισμού ΙΙ (Ε2, Δούμα Αναστασία) - ΗΛΕΚΤΡΑ', 2),
(15560, 384, '2015-06-09', '19:00:00', '21:00:00', 'Μεθοδολογίες & Γλώσσες Προγραμματισμού ΙΙ (Ε2, Δούμα Αναστασία) - ΗΛΕΚΤΡΑ', 2),
(15559, 384, '2015-06-02', '19:00:00', '21:00:00', 'Μεθοδολογίες & Γλώσσες Προγραμματισμού ΙΙ (Ε2, Δούμα Αναστασία) - ΗΛΕΚΤΡΑ', 2),
(15558, 384, '2015-05-26', '19:00:00', '21:00:00', 'Μεθοδολογίες & Γλώσσες Προγραμματισμού ΙΙ (Ε2, Δούμα Αναστασία) - ΗΛΕΚΤΡΑ', 2),
(15557, 384, '2015-05-19', '19:00:00', '21:00:00', 'Μεθοδολογίες & Γλώσσες Προγραμματισμού ΙΙ (Ε2, Δούμα Αναστασία) - ΗΛΕΚΤΡΑ', 2),
(15556, 384, '2015-05-12', '19:00:00', '21:00:00', 'Μεθοδολογίες & Γλώσσες Προγραμματισμού ΙΙ (Ε2, Δούμα Αναστασία) - ΗΛΕΚΤΡΑ', 2),
(15555, 384, '2015-05-05', '19:00:00', '21:00:00', 'Μεθοδολογίες & Γλώσσες Προγραμματισμού ΙΙ (Ε2, Δούμα Αναστασία) - ΗΛΕΚΤΡΑ', 2),
(15554, 384, '2015-04-28', '19:00:00', '21:00:00', 'Μεθοδολογίες & Γλώσσες Προγραμματισμού ΙΙ (Ε2, Δούμα Αναστασία) - ΗΛΕΚΤΡΑ', 2),
(15553, 384, '2015-04-21', '19:00:00', '21:00:00', 'Μεθοδολογίες & Γλώσσες Προγραμματισμού ΙΙ (Ε2, Δούμα Αναστασία) - ΗΛΕΚΤΡΑ', 2),
(15552, 384, '2015-04-14', '19:00:00', '21:00:00', 'Μεθοδολογίες & Γλώσσες Προγραμματισμού ΙΙ (Ε2, Δούμα Αναστασία) - ΗΛΕΚΤΡΑ', 2),
(15551, 384, '2015-04-07', '19:00:00', '21:00:00', 'Μεθοδολογίες & Γλώσσες Προγραμματισμού ΙΙ (Ε2, Δούμα Αναστασία) - ΗΛΕΚΤΡΑ', 2),
(15550, 384, '2015-03-31', '19:00:00', '21:00:00', 'Μεθοδολογίες & Γλώσσες Προγραμματισμού ΙΙ (Ε2, Δούμα Αναστασία) - ΗΛΕΚΤΡΑ', 2),
(15549, 384, '2015-03-24', '19:00:00', '21:00:00', 'Μεθοδολογίες & Γλώσσες Προγραμματισμού ΙΙ (Ε2, Δούμα Αναστασία) - ΗΛΕΚΤΡΑ', 2),
(15548, 384, '2015-03-17', '19:00:00', '21:00:00', 'Μεθοδολογίες & Γλώσσες Προγραμματισμού ΙΙ (Ε2, Δούμα Αναστασία) - ΗΛΕΚΤΡΑ', 2),
(15547, 384, '2015-03-10', '19:00:00', '21:00:00', 'Μεθοδολογίες & Γλώσσες Προγραμματισμού ΙΙ (Ε2, Δούμα Αναστασία) - ΗΛΕΚΤΡΑ', 2),
(15546, 384, '2015-03-03', '19:00:00', '21:00:00', 'Μεθοδολογίες & Γλώσσες Προγραμματισμού ΙΙ (Ε2, Δούμα Αναστασία) - ΗΛΕΚΤΡΑ', 2),
(15528, 384, '2014-10-28', '19:00:00', '21:00:00', 'Μεθοδολογίες & Γλώσσες Προγραμματισμού ΙΙ (Ε2, Δούμα Αναστασία) - ΗΛΕΚΤΡΑ', 2),
(15529, 384, '2014-11-04', '19:00:00', '21:00:00', 'Μεθοδολογίες & Γλώσσες Προγραμματισμού ΙΙ (Ε2, Δούμα Αναστασία) - ΗΛΕΚΤΡΑ', 2),
(15573, 384, '2015-09-08', '19:00:00', '21:00:00', 'Μεθοδολογίες & Γλώσσες Προγραμματισμού ΙΙ (Ε2, Δούμα Αναστασία) - ΗΛΕΚΤΡΑ', 2),
(15572, 384, '2015-09-01', '19:00:00', '21:00:00', 'Μεθοδολογίες & Γλώσσες Προγραμματισμού ΙΙ (Ε2, Δούμα Αναστασία) - ΗΛΕΚΤΡΑ', 2),
(15571, 384, '2015-08-25', '19:00:00', '21:00:00', 'Μεθοδολογίες & Γλώσσες Προγραμματισμού ΙΙ (Ε2, Δούμα Αναστασία) - ΗΛΕΚΤΡΑ', 2),
(15570, 384, '2015-08-18', '19:00:00', '21:00:00', 'Μεθοδολογίες & Γλώσσες Προγραμματισμού ΙΙ (Ε2, Δούμα Αναστασία) - ΗΛΕΚΤΡΑ', 2),
(15569, 384, '2015-08-11', '19:00:00', '21:00:00', 'Μεθοδολογίες & Γλώσσες Προγραμματισμού ΙΙ (Ε2, Δούμα Αναστασία) - ΗΛΕΚΤΡΑ', 2),
(15568, 384, '2015-08-04', '19:00:00', '21:00:00', 'Μεθοδολογίες & Γλώσσες Προγραμματισμού ΙΙ (Ε2, Δούμα Αναστασία) - ΗΛΕΚΤΡΑ', 2),
(15567, 384, '2015-07-28', '19:00:00', '21:00:00', 'Μεθοδολογίες & Γλώσσες Προγραμματισμού ΙΙ (Ε2, Δούμα Αναστασία) - ΗΛΕΚΤΡΑ', 2),
(15566, 384, '2015-07-21', '19:00:00', '21:00:00', 'Μεθοδολογίες & Γλώσσες Προγραμματισμού ΙΙ (Ε2, Δούμα Αναστασία) - ΗΛΕΚΤΡΑ', 2),
(15565, 384, '2015-07-14', '19:00:00', '21:00:00', 'Μεθοδολογίες & Γλώσσες Προγραμματισμού ΙΙ (Ε2, Δούμα Αναστασία) - ΗΛΕΚΤΡΑ', 2),
(15564, 384, '2015-07-07', '19:00:00', '21:00:00', 'Μεθοδολογίες & Γλώσσες Προγραμματισμού ΙΙ (Ε2, Δούμα Αναστασία) - ΗΛΕΚΤΡΑ', 2),
(15563, 384, '2015-06-30', '19:00:00', '21:00:00', 'Μεθοδολογίες & Γλώσσες Προγραμματισμού ΙΙ (Ε2, Δούμα Αναστασία) - ΗΛΕΚΤΡΑ', 2),
(15562, 384, '2015-06-23', '19:00:00', '21:00:00', 'Μεθοδολογίες & Γλώσσες Προγραμματισμού ΙΙ (Ε2, Δούμα Αναστασία) - ΗΛΕΚΤΡΑ', 2),
(15545, 384, '2015-02-24', '19:00:00', '21:00:00', 'Μεθοδολογίες & Γλώσσες Προγραμματισμού ΙΙ (Ε2, Δούμα Αναστασία) - ΗΛΕΚΤΡΑ', 2),
(15544, 384, '2015-02-17', '19:00:00', '21:00:00', 'Μεθοδολογίες & Γλώσσες Προγραμματισμού ΙΙ (Ε2, Δούμα Αναστασία) - ΗΛΕΚΤΡΑ', 2),
(15543, 384, '2015-02-10', '19:00:00', '21:00:00', 'Μεθοδολογίες & Γλώσσες Προγραμματισμού ΙΙ (Ε2, Δούμα Αναστασία) - ΗΛΕΚΤΡΑ', 2),
(15542, 384, '2015-02-03', '19:00:00', '21:00:00', 'Μεθοδολογίες & Γλώσσες Προγραμματισμού ΙΙ (Ε2, Δούμα Αναστασία) - ΗΛΕΚΤΡΑ', 2),
(15541, 384, '2015-01-27', '19:00:00', '21:00:00', 'Μεθοδολογίες & Γλώσσες Προγραμματισμού ΙΙ (Ε2, Δούμα Αναστασία) - ΗΛΕΚΤΡΑ', 2),
(15540, 384, '2015-01-20', '19:00:00', '21:00:00', 'Μεθοδολογίες & Γλώσσες Προγραμματισμού ΙΙ (Ε2, Δούμα Αναστασία) - ΗΛΕΚΤΡΑ', 2),
(15539, 384, '2015-01-13', '19:00:00', '21:00:00', 'Μεθοδολογίες & Γλώσσες Προγραμματισμού ΙΙ (Ε2, Δούμα Αναστασία) - ΗΛΕΚΤΡΑ', 2),
(15538, 384, '2015-01-06', '19:00:00', '21:00:00', 'Μεθοδολογίες & Γλώσσες Προγραμματισμού ΙΙ (Ε2, Δούμα Αναστασία) - ΗΛΕΚΤΡΑ', 2),
(15537, 384, '2014-12-30', '19:00:00', '21:00:00', 'Μεθοδολογίες & Γλώσσες Προγραμματισμού ΙΙ (Ε2, Δούμα Αναστασία) - ΗΛΕΚΤΡΑ', 2),
(15536, 384, '2014-12-23', '19:00:00', '21:00:00', 'Μεθοδολογίες & Γλώσσες Προγραμματισμού ΙΙ (Ε2, Δούμα Αναστασία) - ΗΛΕΚΤΡΑ', 2),
(15535, 384, '2014-12-16', '19:00:00', '21:00:00', 'Μεθοδολογίες & Γλώσσες Προγραμματισμού ΙΙ (Ε2, Δούμα Αναστασία) - ΗΛΕΚΤΡΑ', 2),
(15534, 384, '2014-12-09', '19:00:00', '21:00:00', 'Μεθοδολογίες & Γλώσσες Προγραμματισμού ΙΙ (Ε2, Δούμα Αναστασία) - ΗΛΕΚΤΡΑ', 2),
(15533, 384, '2014-12-02', '19:00:00', '21:00:00', 'Μεθοδολογίες & Γλώσσες Προγραμματισμού ΙΙ (Ε2, Δούμα Αναστασία) - ΗΛΕΚΤΡΑ', 2),
(15532, 384, '2014-11-25', '19:00:00', '21:00:00', 'Μεθοδολογίες & Γλώσσες Προγραμματισμού ΙΙ (Ε2, Δούμα Αναστασία) - ΗΛΕΚΤΡΑ', 2),
(15531, 384, '2014-11-18', '19:00:00', '21:00:00', 'Μεθοδολογίες & Γλώσσες Προγραμματισμού ΙΙ (Ε2, Δούμα Αναστασία) - ΗΛΕΚΤΡΑ', 2),
(15530, 384, '2014-11-11', '19:00:00', '21:00:00', 'Μεθοδολογίες & Γλώσσες Προγραμματισμού ΙΙ (Ε2, Δούμα Αναστασία) - ΗΛΕΚΤΡΑ', 2),
(15653, 386, '2015-03-11', '11:00:00', '12:00:00', 'Αγγλικά 3 (Θ1, Δανούσης Γιώργος) - Νο.3', 1),
(15651, 386, '2015-02-25', '11:00:00', '12:00:00', 'Αγγλικά 3 (Θ1, Δανούσης Γιώργος) - Νο.3', 1),
(15652, 386, '2015-03-04', '11:00:00', '12:00:00', 'Αγγλικά 3 (Θ1, Δανούσης Γιώργος) - Νο.3', 1),
(15649, 386, '2015-02-11', '11:00:00', '12:00:00', 'Αγγλικά 3 (Θ1, Δανούσης Γιώργος) - Νο.3', 1),
(15650, 386, '2015-02-18', '11:00:00', '12:00:00', 'Αγγλικά 3 (Θ1, Δανούσης Γιώργος) - Νο.3', 1),
(15648, 386, '2015-02-04', '11:00:00', '12:00:00', 'Αγγλικά 3 (Θ1, Δανούσης Γιώργος) - Νο.3', 1),
(15646, 386, '2015-01-21', '11:00:00', '12:00:00', 'Αγγλικά 3 (Θ1, Δανούσης Γιώργος) - Νο.3', 1),
(15647, 386, '2015-01-28', '11:00:00', '12:00:00', 'Αγγλικά 3 (Θ1, Δανούσης Γιώργος) - Νο.3', 1),
(15644, 386, '2015-01-07', '11:00:00', '12:00:00', 'Αγγλικά 3 (Θ1, Δανούσης Γιώργος) - Νο.3', 1),
(15645, 386, '2015-01-14', '11:00:00', '12:00:00', 'Αγγλικά 3 (Θ1, Δανούσης Γιώργος) - Νο.3', 1),
(15643, 386, '2014-12-31', '11:00:00', '12:00:00', 'Αγγλικά 3 (Θ1, Δανούσης Γιώργος) - Νο.3', 1),
(15641, 386, '2014-12-17', '11:00:00', '12:00:00', 'Αγγλικά 3 (Θ1, Δανούσης Γιώργος) - Νο.3', 1),
(15642, 386, '2014-12-24', '11:00:00', '12:00:00', 'Αγγλικά 3 (Θ1, Δανούσης Γιώργος) - Νο.3', 1),
(15639, 386, '2014-12-03', '11:00:00', '12:00:00', 'Αγγλικά 3 (Θ1, Δανούσης Γιώργος) - Νο.3', 1),
(15640, 386, '2014-12-10', '11:00:00', '12:00:00', 'Αγγλικά 3 (Θ1, Δανούσης Γιώργος) - Νο.3', 1),
(15638, 386, '2014-11-26', '11:00:00', '12:00:00', 'Αγγλικά 3 (Θ1, Δανούσης Γιώργος) - Νο.3', 1),
(15636, 386, '2014-11-12', '11:00:00', '12:00:00', 'Αγγλικά 3 (Θ1, Δανούσης Γιώργος) - Νο.3', 1),
(15637, 386, '2014-11-19', '11:00:00', '12:00:00', 'Αγγλικά 3 (Θ1, Δανούσης Γιώργος) - Νο.3', 1),
(15634, 386, '2014-10-29', '11:00:00', '12:00:00', 'Αγγλικά 3 (Θ1, Δανούσης Γιώργος) - Νο.3', 1),
(15635, 386, '2014-11-05', '11:00:00', '12:00:00', 'Αγγλικά 3 (Θ1, Δανούσης Γιώργος) - Νο.3', 1),
(15633, 386, '2014-10-22', '11:00:00', '12:00:00', 'Αγγλικά 3 (Θ1, Δανούσης Γιώργος) - Νο.3', 1),
(15631, 386, '2014-10-08', '11:00:00', '12:00:00', 'Αγγλικά 3 (Θ1, Δανούσης Γιώργος) - Νο.3', 1),
(15632, 386, '2014-10-15', '11:00:00', '12:00:00', 'Αγγλικά 3 (Θ1, Δανούσης Γιώργος) - Νο.3', 1),
(15629, 386, '2014-09-24', '11:00:00', '12:00:00', 'Αγγλικά 3 (Θ1, Δανούσης Γιώργος) - Νο.3', 1),
(15630, 386, '2014-10-01', '11:00:00', '12:00:00', 'Αγγλικά 3 (Θ1, Δανούσης Γιώργος) - Νο.3', 1),
(15628, 385, '2015-09-23', '09:00:00', '11:00:00', 'Υπολογιστική Λογική & Λογικός Προγραμματισμός (Ε1, Σταματάτος Ευστάθιος) - Νο.1', 2),
(15627, 385, '2015-09-16', '09:00:00', '11:00:00', 'Υπολογιστική Λογική & Λογικός Προγραμματισμός (Ε1, Σταματάτος Ευστάθιος) - Νο.1', 2),
(15592, 385, '2015-01-14', '09:00:00', '11:00:00', 'Υπολογιστική Λογική & Λογικός Προγραμματισμός (Ε1, Σταματάτος Ευστάθιος) - Νο.1', 2),
(15593, 385, '2015-01-21', '09:00:00', '11:00:00', 'Υπολογιστική Λογική & Λογικός Προγραμματισμός (Ε1, Σταματάτος Ευστάθιος) - Νο.1', 2),
(15594, 385, '2015-01-28', '09:00:00', '11:00:00', 'Υπολογιστική Λογική & Λογικός Προγραμματισμός (Ε1, Σταματάτος Ευστάθιος) - Νο.1', 2),
(15595, 385, '2015-02-04', '09:00:00', '11:00:00', 'Υπολογιστική Λογική & Λογικός Προγραμματισμός (Ε1, Σταματάτος Ευστάθιος) - Νο.1', 2),
(15596, 385, '2015-02-11', '09:00:00', '11:00:00', 'Υπολογιστική Λογική & Λογικός Προγραμματισμός (Ε1, Σταματάτος Ευστάθιος) - Νο.1', 2),
(15597, 385, '2015-02-18', '09:00:00', '11:00:00', 'Υπολογιστική Λογική & Λογικός Προγραμματισμός (Ε1, Σταματάτος Ευστάθιος) - Νο.1', 2),
(15598, 385, '2015-02-25', '09:00:00', '11:00:00', 'Υπολογιστική Λογική & Λογικός Προγραμματισμός (Ε1, Σταματάτος Ευστάθιος) - Νο.1', 2),
(15599, 385, '2015-03-04', '09:00:00', '11:00:00', 'Υπολογιστική Λογική & Λογικός Προγραμματισμός (Ε1, Σταματάτος Ευστάθιος) - Νο.1', 2),
(15600, 385, '2015-03-11', '09:00:00', '11:00:00', 'Υπολογιστική Λογική & Λογικός Προγραμματισμός (Ε1, Σταματάτος Ευστάθιος) - Νο.1', 2),
(15601, 385, '2015-03-18', '09:00:00', '11:00:00', 'Υπολογιστική Λογική & Λογικός Προγραμματισμός (Ε1, Σταματάτος Ευστάθιος) - Νο.1', 2),
(15602, 385, '2015-03-25', '09:00:00', '11:00:00', 'Υπολογιστική Λογική & Λογικός Προγραμματισμός (Ε1, Σταματάτος Ευστάθιος) - Νο.1', 2),
(15603, 385, '2015-04-01', '09:00:00', '11:00:00', 'Υπολογιστική Λογική & Λογικός Προγραμματισμός (Ε1, Σταματάτος Ευστάθιος) - Νο.1', 2),
(15604, 385, '2015-04-08', '09:00:00', '11:00:00', 'Υπολογιστική Λογική & Λογικός Προγραμματισμός (Ε1, Σταματάτος Ευστάθιος) - Νο.1', 2),
(15605, 385, '2015-04-15', '09:00:00', '11:00:00', 'Υπολογιστική Λογική & Λογικός Προγραμματισμός (Ε1, Σταματάτος Ευστάθιος) - Νο.1', 2),
(15606, 385, '2015-04-22', '09:00:00', '11:00:00', 'Υπολογιστική Λογική & Λογικός Προγραμματισμός (Ε1, Σταματάτος Ευστάθιος) - Νο.1', 2),
(15607, 385, '2015-04-29', '09:00:00', '11:00:00', 'Υπολογιστική Λογική & Λογικός Προγραμματισμός (Ε1, Σταματάτος Ευστάθιος) - Νο.1', 2),
(15608, 385, '2015-05-06', '09:00:00', '11:00:00', 'Υπολογιστική Λογική & Λογικός Προγραμματισμός (Ε1, Σταματάτος Ευστάθιος) - Νο.1', 2),
(15609, 385, '2015-05-13', '09:00:00', '11:00:00', 'Υπολογιστική Λογική & Λογικός Προγραμματισμός (Ε1, Σταματάτος Ευστάθιος) - Νο.1', 2),
(15610, 385, '2015-05-20', '09:00:00', '11:00:00', 'Υπολογιστική Λογική & Λογικός Προγραμματισμός (Ε1, Σταματάτος Ευστάθιος) - Νο.1', 2),
(15611, 385, '2015-05-27', '09:00:00', '11:00:00', 'Υπολογιστική Λογική & Λογικός Προγραμματισμός (Ε1, Σταματάτος Ευστάθιος) - Νο.1', 2),
(15612, 385, '2015-06-03', '09:00:00', '11:00:00', 'Υπολογιστική Λογική & Λογικός Προγραμματισμός (Ε1, Σταματάτος Ευστάθιος) - Νο.1', 2),
(15613, 385, '2015-06-10', '09:00:00', '11:00:00', 'Υπολογιστική Λογική & Λογικός Προγραμματισμός (Ε1, Σταματάτος Ευστάθιος) - Νο.1', 2),
(15614, 385, '2015-06-17', '09:00:00', '11:00:00', 'Υπολογιστική Λογική & Λογικός Προγραμματισμός (Ε1, Σταματάτος Ευστάθιος) - Νο.1', 2),
(15615, 385, '2015-06-24', '09:00:00', '11:00:00', 'Υπολογιστική Λογική & Λογικός Προγραμματισμός (Ε1, Σταματάτος Ευστάθιος) - Νο.1', 2),
(15616, 385, '2015-07-01', '09:00:00', '11:00:00', 'Υπολογιστική Λογική & Λογικός Προγραμματισμός (Ε1, Σταματάτος Ευστάθιος) - Νο.1', 2),
(15617, 385, '2015-07-08', '09:00:00', '11:00:00', 'Υπολογιστική Λογική & Λογικός Προγραμματισμός (Ε1, Σταματάτος Ευστάθιος) - Νο.1', 2),
(15618, 385, '2015-07-15', '09:00:00', '11:00:00', 'Υπολογιστική Λογική & Λογικός Προγραμματισμός (Ε1, Σταματάτος Ευστάθιος) - Νο.1', 2),
(15619, 385, '2015-07-22', '09:00:00', '11:00:00', 'Υπολογιστική Λογική & Λογικός Προγραμματισμός (Ε1, Σταματάτος Ευστάθιος) - Νο.1', 2),
(15620, 385, '2015-07-29', '09:00:00', '11:00:00', 'Υπολογιστική Λογική & Λογικός Προγραμματισμός (Ε1, Σταματάτος Ευστάθιος) - Νο.1', 2),
(15621, 385, '2015-08-05', '09:00:00', '11:00:00', 'Υπολογιστική Λογική & Λογικός Προγραμματισμός (Ε1, Σταματάτος Ευστάθιος) - Νο.1', 2),
(15622, 385, '2015-08-12', '09:00:00', '11:00:00', 'Υπολογιστική Λογική & Λογικός Προγραμματισμός (Ε1, Σταματάτος Ευστάθιος) - Νο.1', 2),
(15623, 385, '2015-08-19', '09:00:00', '11:00:00', 'Υπολογιστική Λογική & Λογικός Προγραμματισμός (Ε1, Σταματάτος Ευστάθιος) - Νο.1', 2),
(15624, 385, '2015-08-26', '09:00:00', '11:00:00', 'Υπολογιστική Λογική & Λογικός Προγραμματισμός (Ε1, Σταματάτος Ευστάθιος) - Νο.1', 2),
(15625, 385, '2015-09-02', '09:00:00', '11:00:00', 'Υπολογιστική Λογική & Λογικός Προγραμματισμός (Ε1, Σταματάτος Ευστάθιος) - Νο.1', 2),
(15626, 385, '2015-09-09', '09:00:00', '11:00:00', 'Υπολογιστική Λογική & Λογικός Προγραμματισμός (Ε1, Σταματάτος Ευστάθιος) - Νο.1', 2),
(15505, 383, '2015-05-26', '17:00:00', '19:00:00', 'Μεθοδολογίες & Γλώσσες Προγραμματισμού ΙΙ (Ε1, Δούμα Αναστασία) - ΗΛΕΚΤΡΑ', 4),
(15502, 383, '2015-05-05', '17:00:00', '19:00:00', 'Μεθοδολογίες & Γλώσσες Προγραμματισμού ΙΙ (Ε1, Δούμα Αναστασία) - ΗΛΕΚΤΡΑ', 4),
(15503, 383, '2015-05-12', '17:00:00', '19:00:00', 'Μεθοδολογίες & Γλώσσες Προγραμματισμού ΙΙ (Ε1, Δούμα Αναστασία) - ΗΛΕΚΤΡΑ', 4),
(15504, 383, '2015-05-19', '17:00:00', '19:00:00', 'Μεθοδολογίες & Γλώσσες Προγραμματισμού ΙΙ (Ε1, Δούμα Αναστασία) - ΗΛΕΚΤΡΑ', 4),
(15500, 383, '2015-04-21', '17:00:00', '19:00:00', 'Μεθοδολογίες & Γλώσσες Προγραμματισμού ΙΙ (Ε1, Δούμα Αναστασία) - ΗΛΕΚΤΡΑ', 4),
(15501, 383, '2015-04-28', '17:00:00', '19:00:00', 'Μεθοδολογίες & Γλώσσες Προγραμματισμού ΙΙ (Ε1, Δούμα Αναστασία) - ΗΛΕΚΤΡΑ', 4),
(15498, 383, '2015-04-07', '17:00:00', '19:00:00', 'Μεθοδολογίες & Γλώσσες Προγραμματισμού ΙΙ (Ε1, Δούμα Αναστασία) - ΗΛΕΚΤΡΑ', 4),
(15499, 383, '2015-04-14', '17:00:00', '19:00:00', 'Μεθοδολογίες & Γλώσσες Προγραμματισμού ΙΙ (Ε1, Δούμα Αναστασία) - ΗΛΕΚΤΡΑ', 4),
(15495, 383, '2015-03-17', '17:00:00', '19:00:00', 'Μεθοδολογίες & Γλώσσες Προγραμματισμού ΙΙ (Ε1, Δούμα Αναστασία) - ΗΛΕΚΤΡΑ', 4),
(15496, 383, '2015-03-24', '17:00:00', '19:00:00', 'Μεθοδολογίες & Γλώσσες Προγραμματισμού ΙΙ (Ε1, Δούμα Αναστασία) - ΗΛΕΚΤΡΑ', 4);
INSERT INTO `Event` (`event_id`, `parent_id`, `start_date`, `start_time`, `end_time`, `title`, `duration`) VALUES
(15497, 383, '2015-03-31', '17:00:00', '19:00:00', 'Μεθοδολογίες & Γλώσσες Προγραμματισμού ΙΙ (Ε1, Δούμα Αναστασία) - ΗΛΕΚΤΡΑ', 4),
(15493, 383, '2015-03-03', '17:00:00', '19:00:00', 'Μεθοδολογίες & Γλώσσες Προγραμματισμού ΙΙ (Ε1, Δούμα Αναστασία) - ΗΛΕΚΤΡΑ', 4),
(15494, 383, '2015-03-10', '17:00:00', '19:00:00', 'Μεθοδολογίες & Γλώσσες Προγραμματισμού ΙΙ (Ε1, Δούμα Αναστασία) - ΗΛΕΚΤΡΑ', 4),
(15491, 383, '2015-02-17', '17:00:00', '19:00:00', 'Μεθοδολογίες & Γλώσσες Προγραμματισμού ΙΙ (Ε1, Δούμα Αναστασία) - ΗΛΕΚΤΡΑ', 4),
(15492, 383, '2015-02-24', '17:00:00', '19:00:00', 'Μεθοδολογίες & Γλώσσες Προγραμματισμού ΙΙ (Ε1, Δούμα Αναστασία) - ΗΛΕΚΤΡΑ', 4),
(15488, 383, '2015-01-27', '17:00:00', '19:00:00', 'Μεθοδολογίες & Γλώσσες Προγραμματισμού ΙΙ (Ε1, Δούμα Αναστασία) - ΗΛΕΚΤΡΑ', 4),
(15489, 383, '2015-02-03', '17:00:00', '19:00:00', 'Μεθοδολογίες & Γλώσσες Προγραμματισμού ΙΙ (Ε1, Δούμα Αναστασία) - ΗΛΕΚΤΡΑ', 4),
(15490, 383, '2015-02-10', '17:00:00', '19:00:00', 'Μεθοδολογίες & Γλώσσες Προγραμματισμού ΙΙ (Ε1, Δούμα Αναστασία) - ΗΛΕΚΤΡΑ', 4),
(15486, 383, '2015-01-13', '17:00:00', '19:00:00', 'Μεθοδολογίες & Γλώσσες Προγραμματισμού ΙΙ (Ε1, Δούμα Αναστασία) - ΗΛΕΚΤΡΑ', 4),
(15487, 383, '2015-01-20', '17:00:00', '19:00:00', 'Μεθοδολογίες & Γλώσσες Προγραμματισμού ΙΙ (Ε1, Δούμα Αναστασία) - ΗΛΕΚΤΡΑ', 4),
(15484, 383, '2014-12-30', '17:00:00', '19:00:00', 'Μεθοδολογίες & Γλώσσες Προγραμματισμού ΙΙ (Ε1, Δούμα Αναστασία) - ΗΛΕΚΤΡΑ', 4),
(15485, 383, '2015-01-06', '17:00:00', '19:00:00', 'Μεθοδολογίες & Γλώσσες Προγραμματισμού ΙΙ (Ε1, Δούμα Αναστασία) - ΗΛΕΚΤΡΑ', 4),
(15482, 383, '2014-12-16', '17:00:00', '19:00:00', 'Μεθοδολογίες & Γλώσσες Προγραμματισμού ΙΙ (Ε1, Δούμα Αναστασία) - ΗΛΕΚΤΡΑ', 4),
(15483, 383, '2014-12-23', '17:00:00', '19:00:00', 'Μεθοδολογίες & Γλώσσες Προγραμματισμού ΙΙ (Ε1, Δούμα Αναστασία) - ΗΛΕΚΤΡΑ', 4),
(15478, 383, '2014-11-18', '17:00:00', '19:00:00', 'Μεθοδολογίες & Γλώσσες Προγραμματισμού ΙΙ (Ε1, Δούμα Αναστασία) - ΗΛΕΚΤΡΑ', 4),
(15479, 383, '2014-11-25', '17:00:00', '19:00:00', 'Μεθοδολογίες & Γλώσσες Προγραμματισμού ΙΙ (Ε1, Δούμα Αναστασία) - ΗΛΕΚΤΡΑ', 4),
(15480, 383, '2014-12-02', '17:00:00', '19:00:00', 'Μεθοδολογίες & Γλώσσες Προγραμματισμού ΙΙ (Ε1, Δούμα Αναστασία) - ΗΛΕΚΤΡΑ', 4),
(15481, 383, '2014-12-09', '17:00:00', '19:00:00', 'Μεθοδολογίες & Γλώσσες Προγραμματισμού ΙΙ (Ε1, Δούμα Αναστασία) - ΗΛΕΚΤΡΑ', 4),
(15477, 383, '2014-11-11', '17:00:00', '19:00:00', 'Μεθοδολογίες & Γλώσσες Προγραμματισμού ΙΙ (Ε1, Δούμα Αναστασία) - ΗΛΕΚΤΡΑ', 4),
(15476, 383, '2014-11-04', '17:00:00', '19:00:00', 'Μεθοδολογίες & Γλώσσες Προγραμματισμού ΙΙ (Ε1, Δούμα Αναστασία) - ΗΛΕΚΤΡΑ', 4),
(15475, 383, '2014-10-28', '17:00:00', '19:00:00', 'Μεθοδολογίες & Γλώσσες Προγραμματισμού ΙΙ (Ε1, Δούμα Αναστασία) - ΗΛΕΚΤΡΑ', 4),
(15474, 383, '2014-10-21', '17:00:00', '19:00:00', 'Μεθοδολογίες & Γλώσσες Προγραμματισμού ΙΙ (Ε1, Δούμα Αναστασία) - ΗΛΕΚΤΡΑ', 4),
(15456, 382, '2015-06-23', '15:00:00', '17:00:00', 'Αρχιτεκτονική Υπολογιστών (Ε1, Καρύμπαλη Ειρήνη) - ΗΛΕΚΤΡΑ', 4),
(15457, 382, '2015-06-30', '15:00:00', '17:00:00', 'Αρχιτεκτονική Υπολογιστών (Ε1, Καρύμπαλη Ειρήνη) - ΗΛΕΚΤΡΑ', 4),
(15458, 382, '2015-07-07', '15:00:00', '17:00:00', 'Αρχιτεκτονική Υπολογιστών (Ε1, Καρύμπαλη Ειρήνη) - ΗΛΕΚΤΡΑ', 4),
(15459, 382, '2015-07-14', '15:00:00', '17:00:00', 'Αρχιτεκτονική Υπολογιστών (Ε1, Καρύμπαλη Ειρήνη) - ΗΛΕΚΤΡΑ', 4),
(15460, 382, '2015-07-21', '15:00:00', '17:00:00', 'Αρχιτεκτονική Υπολογιστών (Ε1, Καρύμπαλη Ειρήνη) - ΗΛΕΚΤΡΑ', 4),
(15461, 382, '2015-07-28', '15:00:00', '17:00:00', 'Αρχιτεκτονική Υπολογιστών (Ε1, Καρύμπαλη Ειρήνη) - ΗΛΕΚΤΡΑ', 4),
(15462, 382, '2015-08-04', '15:00:00', '17:00:00', 'Αρχιτεκτονική Υπολογιστών (Ε1, Καρύμπαλη Ειρήνη) - ΗΛΕΚΤΡΑ', 4),
(15463, 382, '2015-08-11', '15:00:00', '17:00:00', 'Αρχιτεκτονική Υπολογιστών (Ε1, Καρύμπαλη Ειρήνη) - ΗΛΕΚΤΡΑ', 4),
(15464, 382, '2015-08-18', '15:00:00', '17:00:00', 'Αρχιτεκτονική Υπολογιστών (Ε1, Καρύμπαλη Ειρήνη) - ΗΛΕΚΤΡΑ', 4),
(15465, 382, '2015-08-25', '15:00:00', '17:00:00', 'Αρχιτεκτονική Υπολογιστών (Ε1, Καρύμπαλη Ειρήνη) - ΗΛΕΚΤΡΑ', 4),
(15466, 382, '2015-09-01', '15:00:00', '17:00:00', 'Αρχιτεκτονική Υπολογιστών (Ε1, Καρύμπαλη Ειρήνη) - ΗΛΕΚΤΡΑ', 4),
(15467, 382, '2015-09-08', '15:00:00', '17:00:00', 'Αρχιτεκτονική Υπολογιστών (Ε1, Καρύμπαλη Ειρήνη) - ΗΛΕΚΤΡΑ', 4),
(15468, 382, '2015-09-15', '15:00:00', '17:00:00', 'Αρχιτεκτονική Υπολογιστών (Ε1, Καρύμπαλη Ειρήνη) - ΗΛΕΚΤΡΑ', 4),
(15469, 382, '2015-09-22', '15:00:00', '17:00:00', 'Αρχιτεκτονική Υπολογιστών (Ε1, Καρύμπαλη Ειρήνη) - ΗΛΕΚΤΡΑ', 4),
(15470, 383, '2014-09-23', '17:00:00', '19:00:00', 'Μεθοδολογίες & Γλώσσες Προγραμματισμού ΙΙ (Ε1, Δούμα Αναστασία) - ΗΛΕΚΤΡΑ', 4),
(15471, 383, '2014-09-30', '17:00:00', '19:00:00', 'Μεθοδολογίες & Γλώσσες Προγραμματισμού ΙΙ (Ε1, Δούμα Αναστασία) - ΗΛΕΚΤΡΑ', 4),
(15472, 383, '2014-10-07', '17:00:00', '19:00:00', 'Μεθοδολογίες & Γλώσσες Προγραμματισμού ΙΙ (Ε1, Δούμα Αναστασία) - ΗΛΕΚΤΡΑ', 4),
(15473, 383, '2014-10-14', '17:00:00', '19:00:00', 'Μεθοδολογίες & Γλώσσες Προγραμματισμού ΙΙ (Ε1, Δούμα Αναστασία) - ΗΛΕΚΤΡΑ', 4),
(14973, 373, '2015-05-11', '13:00:00', '15:00:00', 'Δομές Δεδομένων (Ε1, Δούμα Αναστασία) - ΗΛΕΚΤΡΑ', 2),
(14972, 373, '2015-05-04', '13:00:00', '15:00:00', 'Δομές Δεδομένων (Ε1, Δούμα Αναστασία) - ΗΛΕΚΤΡΑ', 2),
(14971, 373, '2015-04-27', '13:00:00', '15:00:00', 'Δομές Δεδομένων (Ε1, Δούμα Αναστασία) - ΗΛΕΚΤΡΑ', 2),
(14970, 373, '2015-04-20', '13:00:00', '15:00:00', 'Δομές Δεδομένων (Ε1, Δούμα Αναστασία) - ΗΛΕΚΤΡΑ', 2),
(14969, 373, '2015-04-13', '13:00:00', '15:00:00', 'Δομές Δεδομένων (Ε1, Δούμα Αναστασία) - ΗΛΕΚΤΡΑ', 2),
(14968, 373, '2015-04-06', '13:00:00', '15:00:00', 'Δομές Δεδομένων (Ε1, Δούμα Αναστασία) - ΗΛΕΚΤΡΑ', 2),
(14967, 373, '2015-03-30', '13:00:00', '15:00:00', 'Δομές Δεδομένων (Ε1, Δούμα Αναστασία) - ΗΛΕΚΤΡΑ', 2),
(14966, 373, '2015-03-23', '13:00:00', '15:00:00', 'Δομές Δεδομένων (Ε1, Δούμα Αναστασία) - ΗΛΕΚΤΡΑ', 2),
(14965, 373, '2015-03-16', '13:00:00', '15:00:00', 'Δομές Δεδομένων (Ε1, Δούμα Αναστασία) - ΗΛΕΚΤΡΑ', 2),
(14964, 373, '2015-03-09', '13:00:00', '15:00:00', 'Δομές Δεδομένων (Ε1, Δούμα Αναστασία) - ΗΛΕΚΤΡΑ', 2),
(14963, 373, '2015-03-02', '13:00:00', '15:00:00', 'Δομές Δεδομένων (Ε1, Δούμα Αναστασία) - ΗΛΕΚΤΡΑ', 2),
(14962, 373, '2015-02-23', '13:00:00', '15:00:00', 'Δομές Δεδομένων (Ε1, Δούμα Αναστασία) - ΗΛΕΚΤΡΑ', 2),
(14961, 373, '2015-02-16', '13:00:00', '15:00:00', 'Δομές Δεδομένων (Ε1, Δούμα Αναστασία) - ΗΛΕΚΤΡΑ', 2),
(14960, 373, '2015-02-09', '13:00:00', '15:00:00', 'Δομές Δεδομένων (Ε1, Δούμα Αναστασία) - ΗΛΕΚΤΡΑ', 2),
(14959, 373, '2015-02-02', '13:00:00', '15:00:00', 'Δομές Δεδομένων (Ε1, Δούμα Αναστασία) - ΗΛΕΚΤΡΑ', 2),
(14958, 373, '2015-01-26', '13:00:00', '15:00:00', 'Δομές Δεδομένων (Ε1, Δούμα Αναστασία) - ΗΛΕΚΤΡΑ', 2),
(14957, 373, '2015-01-19', '13:00:00', '15:00:00', 'Δομές Δεδομένων (Ε1, Δούμα Αναστασία) - ΗΛΕΚΤΡΑ', 2),
(14956, 373, '2015-01-12', '13:00:00', '15:00:00', 'Δομές Δεδομένων (Ε1, Δούμα Αναστασία) - ΗΛΕΚΤΡΑ', 2),
(14955, 373, '2015-01-05', '13:00:00', '15:00:00', 'Δομές Δεδομένων (Ε1, Δούμα Αναστασία) - ΗΛΕΚΤΡΑ', 2),
(14954, 373, '2014-12-29', '13:00:00', '15:00:00', 'Δομές Δεδομένων (Ε1, Δούμα Αναστασία) - ΗΛΕΚΤΡΑ', 2),
(14953, 373, '2014-12-22', '13:00:00', '15:00:00', 'Δομές Δεδομένων (Ε1, Δούμα Αναστασία) - ΗΛΕΚΤΡΑ', 2),
(14952, 373, '2014-12-15', '13:00:00', '15:00:00', 'Δομές Δεδομένων (Ε1, Δούμα Αναστασία) - ΗΛΕΚΤΡΑ', 2),
(14951, 373, '2014-12-08', '13:00:00', '15:00:00', 'Δομές Δεδομένων (Ε1, Δούμα Αναστασία) - ΗΛΕΚΤΡΑ', 2),
(14950, 373, '2014-12-01', '13:00:00', '15:00:00', 'Δομές Δεδομένων (Ε1, Δούμα Αναστασία) - ΗΛΕΚΤΡΑ', 2),
(14949, 373, '2014-11-24', '13:00:00', '15:00:00', 'Δομές Δεδομένων (Ε1, Δούμα Αναστασία) - ΗΛΕΚΤΡΑ', 2),
(14948, 373, '2014-11-17', '13:00:00', '15:00:00', 'Δομές Δεδομένων (Ε1, Δούμα Αναστασία) - ΗΛΕΚΤΡΑ', 2),
(14947, 373, '2014-11-10', '13:00:00', '15:00:00', 'Δομές Δεδομένων (Ε1, Δούμα Αναστασία) - ΗΛΕΚΤΡΑ', 2),
(14946, 373, '2014-11-03', '13:00:00', '15:00:00', 'Δομές Δεδομένων (Ε1, Δούμα Αναστασία) - ΗΛΕΚΤΡΑ', 2),
(14945, 373, '2014-10-27', '13:00:00', '15:00:00', 'Δομές Δεδομένων (Ε1, Δούμα Αναστασία) - ΗΛΕΚΤΡΑ', 2),
(14944, 373, '2014-10-20', '13:00:00', '15:00:00', 'Δομές Δεδομένων (Ε1, Δούμα Αναστασία) - ΗΛΕΚΤΡΑ', 2),
(14943, 373, '2014-10-13', '13:00:00', '15:00:00', 'Δομές Δεδομένων (Ε1, Δούμα Αναστασία) - ΗΛΕΚΤΡΑ', 2),
(14942, 373, '2014-10-06', '13:00:00', '15:00:00', 'Δομές Δεδομένων (Ε1, Δούμα Αναστασία) - ΗΛΕΚΤΡΑ', 2),
(14941, 373, '2014-09-29', '13:00:00', '15:00:00', 'Δομές Δεδομένων (Ε1, Δούμα Αναστασία) - ΗΛΕΚΤΡΑ', 2),
(14940, 373, '2014-09-22', '13:00:00', '15:00:00', 'Δομές Δεδομένων (Ε1, Δούμα Αναστασία) - ΗΛΕΚΤΡΑ', 2),
(14939, 372, '2015-09-21', '09:00:00', '12:00:00', 'Μεθοδολογίες & Γλώσσες Προγραμματισμού ΙΙ (Θ1, Καμπουράκης Γεώργιος) - Νο.3', 3),
(14938, 372, '2015-09-14', '09:00:00', '12:00:00', 'Μεθοδολογίες & Γλώσσες Προγραμματισμού ΙΙ (Θ1, Καμπουράκης Γεώργιος) - Νο.3', 3),
(14937, 372, '2015-09-07', '09:00:00', '12:00:00', 'Μεθοδολογίες & Γλώσσες Προγραμματισμού ΙΙ (Θ1, Καμπουράκης Γεώργιος) - Νο.3', 3),
(14936, 372, '2015-08-31', '09:00:00', '12:00:00', 'Μεθοδολογίες & Γλώσσες Προγραμματισμού ΙΙ (Θ1, Καμπουράκης Γεώργιος) - Νο.3', 3),
(14935, 372, '2015-08-24', '09:00:00', '12:00:00', 'Μεθοδολογίες & Γλώσσες Προγραμματισμού ΙΙ (Θ1, Καμπουράκης Γεώργιος) - Νο.3', 3),
(14934, 372, '2015-08-17', '09:00:00', '12:00:00', 'Μεθοδολογίες & Γλώσσες Προγραμματισμού ΙΙ (Θ1, Καμπουράκης Γεώργιος) - Νο.3', 3),
(14933, 372, '2015-08-10', '09:00:00', '12:00:00', 'Μεθοδολογίες & Γλώσσες Προγραμματισμού ΙΙ (Θ1, Καμπουράκης Γεώργιος) - Νο.3', 3),
(14932, 372, '2015-08-03', '09:00:00', '12:00:00', 'Μεθοδολογίες & Γλώσσες Προγραμματισμού ΙΙ (Θ1, Καμπουράκης Γεώργιος) - Νο.3', 3),
(14931, 372, '2015-07-27', '09:00:00', '12:00:00', 'Μεθοδολογίες & Γλώσσες Προγραμματισμού ΙΙ (Θ1, Καμπουράκης Γεώργιος) - Νο.3', 3),
(14930, 372, '2015-07-20', '09:00:00', '12:00:00', 'Μεθοδολογίες & Γλώσσες Προγραμματισμού ΙΙ (Θ1, Καμπουράκης Γεώργιος) - Νο.3', 3),
(14929, 372, '2015-07-13', '09:00:00', '12:00:00', 'Μεθοδολογίες & Γλώσσες Προγραμματισμού ΙΙ (Θ1, Καμπουράκης Γεώργιος) - Νο.3', 3),
(14928, 372, '2015-07-06', '09:00:00', '12:00:00', 'Μεθοδολογίες & Γλώσσες Προγραμματισμού ΙΙ (Θ1, Καμπουράκης Γεώργιος) - Νο.3', 3),
(14927, 372, '2015-06-29', '09:00:00', '12:00:00', 'Μεθοδολογίες & Γλώσσες Προγραμματισμού ΙΙ (Θ1, Καμπουράκης Γεώργιος) - Νο.3', 3),
(14926, 372, '2015-06-22', '09:00:00', '12:00:00', 'Μεθοδολογίες & Γλώσσες Προγραμματισμού ΙΙ (Θ1, Καμπουράκης Γεώργιος) - Νο.3', 3),
(14925, 372, '2015-06-15', '09:00:00', '12:00:00', 'Μεθοδολογίες & Γλώσσες Προγραμματισμού ΙΙ (Θ1, Καμπουράκης Γεώργιος) - Νο.3', 3),
(14924, 372, '2015-06-08', '09:00:00', '12:00:00', 'Μεθοδολογίες & Γλώσσες Προγραμματισμού ΙΙ (Θ1, Καμπουράκης Γεώργιος) - Νο.3', 3),
(14923, 372, '2015-06-01', '09:00:00', '12:00:00', 'Μεθοδολογίες & Γλώσσες Προγραμματισμού ΙΙ (Θ1, Καμπουράκης Γεώργιος) - Νο.3', 3),
(14922, 372, '2015-05-25', '09:00:00', '12:00:00', 'Μεθοδολογίες & Γλώσσες Προγραμματισμού ΙΙ (Θ1, Καμπουράκης Γεώργιος) - Νο.3', 3),
(14921, 372, '2015-05-18', '09:00:00', '12:00:00', 'Μεθοδολογίες & Γλώσσες Προγραμματισμού ΙΙ (Θ1, Καμπουράκης Γεώργιος) - Νο.3', 3),
(14920, 372, '2015-05-11', '09:00:00', '12:00:00', 'Μεθοδολογίες & Γλώσσες Προγραμματισμού ΙΙ (Θ1, Καμπουράκης Γεώργιος) - Νο.3', 3),
(14919, 372, '2015-05-04', '09:00:00', '12:00:00', 'Μεθοδολογίες & Γλώσσες Προγραμματισμού ΙΙ (Θ1, Καμπουράκης Γεώργιος) - Νο.3', 3),
(14918, 372, '2015-04-27', '09:00:00', '12:00:00', 'Μεθοδολογίες & Γλώσσες Προγραμματισμού ΙΙ (Θ1, Καμπουράκης Γεώργιος) - Νο.3', 3),
(14917, 372, '2015-04-20', '09:00:00', '12:00:00', 'Μεθοδολογίες & Γλώσσες Προγραμματισμού ΙΙ (Θ1, Καμπουράκης Γεώργιος) - Νο.3', 3),
(14916, 372, '2015-04-13', '09:00:00', '12:00:00', 'Μεθοδολογίες & Γλώσσες Προγραμματισμού ΙΙ (Θ1, Καμπουράκης Γεώργιος) - Νο.3', 3),
(14915, 372, '2015-04-06', '09:00:00', '12:00:00', 'Μεθοδολογίες & Γλώσσες Προγραμματισμού ΙΙ (Θ1, Καμπουράκης Γεώργιος) - Νο.3', 3),
(14914, 372, '2015-03-30', '09:00:00', '12:00:00', 'Μεθοδολογίες & Γλώσσες Προγραμματισμού ΙΙ (Θ1, Καμπουράκης Γεώργιος) - Νο.3', 3),
(14913, 372, '2015-03-23', '09:00:00', '12:00:00', 'Μεθοδολογίες & Γλώσσες Προγραμματισμού ΙΙ (Θ1, Καμπουράκης Γεώργιος) - Νο.3', 3),
(14912, 372, '2015-03-16', '09:00:00', '12:00:00', 'Μεθοδολογίες & Γλώσσες Προγραμματισμού ΙΙ (Θ1, Καμπουράκης Γεώργιος) - Νο.3', 3),
(14911, 372, '2015-03-09', '09:00:00', '12:00:00', 'Μεθοδολογίες & Γλώσσες Προγραμματισμού ΙΙ (Θ1, Καμπουράκης Γεώργιος) - Νο.3', 3),
(14910, 372, '2015-03-02', '09:00:00', '12:00:00', 'Μεθοδολογίες & Γλώσσες Προγραμματισμού ΙΙ (Θ1, Καμπουράκης Γεώργιος) - Νο.3', 3),
(14909, 372, '2015-02-23', '09:00:00', '12:00:00', 'Μεθοδολογίες & Γλώσσες Προγραμματισμού ΙΙ (Θ1, Καμπουράκης Γεώργιος) - Νο.3', 3),
(14908, 372, '2015-02-16', '09:00:00', '12:00:00', 'Μεθοδολογίες & Γλώσσες Προγραμματισμού ΙΙ (Θ1, Καμπουράκης Γεώργιος) - Νο.3', 3),
(14907, 372, '2015-02-09', '09:00:00', '12:00:00', 'Μεθοδολογίες & Γλώσσες Προγραμματισμού ΙΙ (Θ1, Καμπουράκης Γεώργιος) - Νο.3', 3),
(14906, 372, '2015-02-02', '09:00:00', '12:00:00', 'Μεθοδολογίες & Γλώσσες Προγραμματισμού ΙΙ (Θ1, Καμπουράκης Γεώργιος) - Νο.3', 3),
(14905, 372, '2015-01-26', '09:00:00', '12:00:00', 'Μεθοδολογίες & Γλώσσες Προγραμματισμού ΙΙ (Θ1, Καμπουράκης Γεώργιος) - Νο.3', 3),
(14904, 372, '2015-01-19', '09:00:00', '12:00:00', 'Μεθοδολογίες & Γλώσσες Προγραμματισμού ΙΙ (Θ1, Καμπουράκης Γεώργιος) - Νο.3', 3),
(14903, 372, '2015-01-12', '09:00:00', '12:00:00', 'Μεθοδολογίες & Γλώσσες Προγραμματισμού ΙΙ (Θ1, Καμπουράκης Γεώργιος) - Νο.3', 3),
(14902, 372, '2015-01-05', '09:00:00', '12:00:00', 'Μεθοδολογίες & Γλώσσες Προγραμματισμού ΙΙ (Θ1, Καμπουράκης Γεώργιος) - Νο.3', 3),
(14901, 372, '2014-12-29', '09:00:00', '12:00:00', 'Μεθοδολογίες & Γλώσσες Προγραμματισμού ΙΙ (Θ1, Καμπουράκης Γεώργιος) - Νο.3', 3),
(14900, 372, '2014-12-22', '09:00:00', '12:00:00', 'Μεθοδολογίες & Γλώσσες Προγραμματισμού ΙΙ (Θ1, Καμπουράκης Γεώργιος) - Νο.3', 3),
(14899, 372, '2014-12-15', '09:00:00', '12:00:00', 'Μεθοδολογίες & Γλώσσες Προγραμματισμού ΙΙ (Θ1, Καμπουράκης Γεώργιος) - Νο.3', 3),
(14898, 372, '2014-12-08', '09:00:00', '12:00:00', 'Μεθοδολογίες & Γλώσσες Προγραμματισμού ΙΙ (Θ1, Καμπουράκης Γεώργιος) - Νο.3', 3),
(14897, 372, '2014-12-01', '09:00:00', '12:00:00', 'Μεθοδολογίες & Γλώσσες Προγραμματισμού ΙΙ (Θ1, Καμπουράκης Γεώργιος) - Νο.3', 3),
(14896, 372, '2014-11-24', '09:00:00', '12:00:00', 'Μεθοδολογίες & Γλώσσες Προγραμματισμού ΙΙ (Θ1, Καμπουράκης Γεώργιος) - Νο.3', 3),
(14895, 372, '2014-11-17', '09:00:00', '12:00:00', 'Μεθοδολογίες & Γλώσσες Προγραμματισμού ΙΙ (Θ1, Καμπουράκης Γεώργιος) - Νο.3', 3),
(14894, 372, '2014-11-10', '09:00:00', '12:00:00', 'Μεθοδολογίες & Γλώσσες Προγραμματισμού ΙΙ (Θ1, Καμπουράκης Γεώργιος) - Νο.3', 3),
(14893, 372, '2014-11-03', '09:00:00', '12:00:00', 'Μεθοδολογίες & Γλώσσες Προγραμματισμού ΙΙ (Θ1, Καμπουράκης Γεώργιος) - Νο.3', 3),
(14892, 372, '2014-10-27', '09:00:00', '12:00:00', 'Μεθοδολογίες & Γλώσσες Προγραμματισμού ΙΙ (Θ1, Καμπουράκης Γεώργιος) - Νο.3', 3),
(14891, 372, '2014-10-20', '09:00:00', '12:00:00', 'Μεθοδολογίες & Γλώσσες Προγραμματισμού ΙΙ (Θ1, Καμπουράκης Γεώργιος) - Νο.3', 3),
(14890, 372, '2014-10-13', '09:00:00', '12:00:00', 'Μεθοδολογίες & Γλώσσες Προγραμματισμού ΙΙ (Θ1, Καμπουράκης Γεώργιος) - Νο.3', 3),
(14889, 372, '2014-10-06', '09:00:00', '12:00:00', 'Μεθοδολογίες & Γλώσσες Προγραμματισμού ΙΙ (Θ1, Καμπουράκης Γεώργιος) - Νο.3', 3),
(14887, 372, '2014-09-22', '09:00:00', '12:00:00', 'Μεθοδολογίες & Γλώσσες Προγραμματισμού ΙΙ (Θ1, Καμπουράκης Γεώργιος) - Νο.3', 3),
(14888, 372, '2014-09-29', '09:00:00', '12:00:00', 'Μεθοδολογίες & Γλώσσες Προγραμματισμού ΙΙ (Θ1, Καμπουράκης Γεώργιος) - Νο.3', 3),
(17136, 414, '2015-03-02', '12:00:00', '15:00:00', 'Εισαγωγή στον Προγραμματισμό (Ε1, Δούμα Αναστασία) - ΑΛΚΜΗΝΗ', 3),
(17137, 414, '2015-03-09', '12:00:00', '15:00:00', 'Εισαγωγή στον Προγραμματισμό (Ε1, Δούμα Αναστασία) - ΑΛΚΜΗΝΗ', 3),
(17138, 414, '2015-03-16', '12:00:00', '15:00:00', 'Εισαγωγή στον Προγραμματισμό (Ε1, Δούμα Αναστασία) - ΑΛΚΜΗΝΗ', 3),
(17139, 414, '2015-03-23', '12:00:00', '15:00:00', 'Εισαγωγή στον Προγραμματισμό (Ε1, Δούμα Αναστασία) - ΑΛΚΜΗΝΗ', 3),
(17140, 414, '2015-03-30', '12:00:00', '15:00:00', 'Εισαγωγή στον Προγραμματισμό (Ε1, Δούμα Αναστασία) - ΑΛΚΜΗΝΗ', 3),
(17141, 414, '2015-04-06', '12:00:00', '15:00:00', 'Εισαγωγή στον Προγραμματισμό (Ε1, Δούμα Αναστασία) - ΑΛΚΜΗΝΗ', 3),
(17142, 414, '2015-04-13', '12:00:00', '15:00:00', 'Εισαγωγή στον Προγραμματισμό (Ε1, Δούμα Αναστασία) - ΑΛΚΜΗΝΗ', 3),
(17143, 414, '2015-04-20', '12:00:00', '15:00:00', 'Εισαγωγή στον Προγραμματισμό (Ε1, Δούμα Αναστασία) - ΑΛΚΜΗΝΗ', 3),
(17144, 414, '2015-04-27', '12:00:00', '15:00:00', 'Εισαγωγή στον Προγραμματισμό (Ε1, Δούμα Αναστασία) - ΑΛΚΜΗΝΗ', 3),
(17145, 414, '2015-05-04', '12:00:00', '15:00:00', 'Εισαγωγή στον Προγραμματισμό (Ε1, Δούμα Αναστασία) - ΑΛΚΜΗΝΗ', 3),
(17146, 414, '2015-05-11', '12:00:00', '15:00:00', 'Εισαγωγή στον Προγραμματισμό (Ε1, Δούμα Αναστασία) - ΑΛΚΜΗΝΗ', 3),
(17147, 414, '2015-05-18', '12:00:00', '15:00:00', 'Εισαγωγή στον Προγραμματισμό (Ε1, Δούμα Αναστασία) - ΑΛΚΜΗΝΗ', 3),
(17148, 414, '2015-05-25', '12:00:00', '15:00:00', 'Εισαγωγή στον Προγραμματισμό (Ε1, Δούμα Αναστασία) - ΑΛΚΜΗΝΗ', 3),
(17149, 414, '2015-06-01', '12:00:00', '15:00:00', 'Εισαγωγή στον Προγραμματισμό (Ε1, Δούμα Αναστασία) - ΑΛΚΜΗΝΗ', 3),
(17150, 414, '2015-06-08', '12:00:00', '15:00:00', 'Εισαγωγή στον Προγραμματισμό (Ε1, Δούμα Αναστασία) - ΑΛΚΜΗΝΗ', 3),
(17151, 414, '2015-06-15', '12:00:00', '15:00:00', 'Εισαγωγή στον Προγραμματισμό (Ε1, Δούμα Αναστασία) - ΑΛΚΜΗΝΗ', 3),
(17152, 414, '2015-06-22', '12:00:00', '15:00:00', 'Εισαγωγή στον Προγραμματισμό (Ε1, Δούμα Αναστασία) - ΑΛΚΜΗΝΗ', 3),
(17153, 414, '2015-06-29', '12:00:00', '15:00:00', 'Εισαγωγή στον Προγραμματισμό (Ε1, Δούμα Αναστασία) - ΑΛΚΜΗΝΗ', 3),
(17154, 414, '2015-07-06', '12:00:00', '15:00:00', 'Εισαγωγή στον Προγραμματισμό (Ε1, Δούμα Αναστασία) - ΑΛΚΜΗΝΗ', 3),
(17155, 414, '2015-07-13', '12:00:00', '15:00:00', 'Εισαγωγή στον Προγραμματισμό (Ε1, Δούμα Αναστασία) - ΑΛΚΜΗΝΗ', 3),
(17156, 414, '2015-07-20', '12:00:00', '15:00:00', 'Εισαγωγή στον Προγραμματισμό (Ε1, Δούμα Αναστασία) - ΑΛΚΜΗΝΗ', 3),
(17157, 414, '2015-07-27', '12:00:00', '15:00:00', 'Εισαγωγή στον Προγραμματισμό (Ε1, Δούμα Αναστασία) - ΑΛΚΜΗΝΗ', 3),
(17158, 414, '2015-08-03', '12:00:00', '15:00:00', 'Εισαγωγή στον Προγραμματισμό (Ε1, Δούμα Αναστασία) - ΑΛΚΜΗΝΗ', 3),
(17159, 414, '2015-08-10', '12:00:00', '15:00:00', 'Εισαγωγή στον Προγραμματισμό (Ε1, Δούμα Αναστασία) - ΑΛΚΜΗΝΗ', 3),
(17160, 414, '2015-08-17', '12:00:00', '15:00:00', 'Εισαγωγή στον Προγραμματισμό (Ε1, Δούμα Αναστασία) - ΑΛΚΜΗΝΗ', 3),
(17161, 414, '2015-08-24', '12:00:00', '15:00:00', 'Εισαγωγή στον Προγραμματισμό (Ε1, Δούμα Αναστασία) - ΑΛΚΜΗΝΗ', 3),
(17162, 414, '2015-08-31', '12:00:00', '15:00:00', 'Εισαγωγή στον Προγραμματισμό (Ε1, Δούμα Αναστασία) - ΑΛΚΜΗΝΗ', 3),
(17163, 414, '2015-09-07', '12:00:00', '15:00:00', 'Εισαγωγή στον Προγραμματισμό (Ε1, Δούμα Αναστασία) - ΑΛΚΜΗΝΗ', 3),
(17164, 414, '2015-09-14', '12:00:00', '15:00:00', 'Εισαγωγή στον Προγραμματισμό (Ε1, Δούμα Αναστασία) - ΑΛΚΜΗΝΗ', 3),
(17165, 414, '2015-09-21', '12:00:00', '15:00:00', 'Εισαγωγή στον Προγραμματισμό (Ε1, Δούμα Αναστασία) - ΑΛΚΜΗΝΗ', 3),
(17166, 415, '2014-09-23', '10:00:00', '13:00:00', 'Διακριτά Μαθηματικά Ι (Φ2, Θεοχαροπούλου Χριστίνα) - ΑΛΚΜΗΝΗ', 3),
(17167, 415, '2014-09-30', '10:00:00', '13:00:00', 'Διακριτά Μαθηματικά Ι (Φ2, Θεοχαροπούλου Χριστίνα) - ΑΛΚΜΗΝΗ', 3),
(17168, 415, '2014-10-07', '10:00:00', '13:00:00', 'Διακριτά Μαθηματικά Ι (Φ2, Θεοχαροπούλου Χριστίνα) - ΑΛΚΜΗΝΗ', 3),
(17169, 415, '2014-10-14', '10:00:00', '13:00:00', 'Διακριτά Μαθηματικά Ι (Φ2, Θεοχαροπούλου Χριστίνα) - ΑΛΚΜΗΝΗ', 3),
(17170, 415, '2014-10-21', '10:00:00', '13:00:00', 'Διακριτά Μαθηματικά Ι (Φ2, Θεοχαροπούλου Χριστίνα) - ΑΛΚΜΗΝΗ', 3),
(17171, 415, '2014-10-28', '10:00:00', '13:00:00', 'Διακριτά Μαθηματικά Ι (Φ2, Θεοχαροπούλου Χριστίνα) - ΑΛΚΜΗΝΗ', 3),
(17172, 415, '2014-11-04', '10:00:00', '13:00:00', 'Διακριτά Μαθηματικά Ι (Φ2, Θεοχαροπούλου Χριστίνα) - ΑΛΚΜΗΝΗ', 3),
(17173, 415, '2014-11-11', '10:00:00', '13:00:00', 'Διακριτά Μαθηματικά Ι (Φ2, Θεοχαροπούλου Χριστίνα) - ΑΛΚΜΗΝΗ', 3),
(17174, 415, '2014-11-18', '10:00:00', '13:00:00', 'Διακριτά Μαθηματικά Ι (Φ2, Θεοχαροπούλου Χριστίνα) - ΑΛΚΜΗΝΗ', 3),
(17175, 415, '2014-11-25', '10:00:00', '13:00:00', 'Διακριτά Μαθηματικά Ι (Φ2, Θεοχαροπούλου Χριστίνα) - ΑΛΚΜΗΝΗ', 3),
(17176, 415, '2014-12-02', '10:00:00', '13:00:00', 'Διακριτά Μαθηματικά Ι (Φ2, Θεοχαροπούλου Χριστίνα) - ΑΛΚΜΗΝΗ', 3),
(17177, 415, '2014-12-09', '10:00:00', '13:00:00', 'Διακριτά Μαθηματικά Ι (Φ2, Θεοχαροπούλου Χριστίνα) - ΑΛΚΜΗΝΗ', 3),
(17178, 415, '2014-12-16', '10:00:00', '13:00:00', 'Διακριτά Μαθηματικά Ι (Φ2, Θεοχαροπούλου Χριστίνα) - ΑΛΚΜΗΝΗ', 3),
(17179, 415, '2014-12-23', '10:00:00', '13:00:00', 'Διακριτά Μαθηματικά Ι (Φ2, Θεοχαροπούλου Χριστίνα) - ΑΛΚΜΗΝΗ', 3),
(17180, 415, '2014-12-30', '10:00:00', '13:00:00', 'Διακριτά Μαθηματικά Ι (Φ2, Θεοχαροπούλου Χριστίνα) - ΑΛΚΜΗΝΗ', 3),
(17181, 415, '2015-01-06', '10:00:00', '13:00:00', 'Διακριτά Μαθηματικά Ι (Φ2, Θεοχαροπούλου Χριστίνα) - ΑΛΚΜΗΝΗ', 3),
(17182, 415, '2015-01-13', '10:00:00', '13:00:00', 'Διακριτά Μαθηματικά Ι (Φ2, Θεοχαροπούλου Χριστίνα) - ΑΛΚΜΗΝΗ', 3),
(17183, 415, '2015-01-20', '10:00:00', '13:00:00', 'Διακριτά Μαθηματικά Ι (Φ2, Θεοχαροπούλου Χριστίνα) - ΑΛΚΜΗΝΗ', 3),
(17184, 415, '2015-01-27', '10:00:00', '13:00:00', 'Διακριτά Μαθηματικά Ι (Φ2, Θεοχαροπούλου Χριστίνα) - ΑΛΚΜΗΝΗ', 3),
(17185, 415, '2015-02-03', '10:00:00', '13:00:00', 'Διακριτά Μαθηματικά Ι (Φ2, Θεοχαροπούλου Χριστίνα) - ΑΛΚΜΗΝΗ', 3),
(17186, 415, '2015-02-10', '10:00:00', '13:00:00', 'Διακριτά Μαθηματικά Ι (Φ2, Θεοχαροπούλου Χριστίνα) - ΑΛΚΜΗΝΗ', 3),
(17187, 415, '2015-02-17', '10:00:00', '13:00:00', 'Διακριτά Μαθηματικά Ι (Φ2, Θεοχαροπούλου Χριστίνα) - ΑΛΚΜΗΝΗ', 3),
(17188, 415, '2015-02-24', '10:00:00', '13:00:00', 'Διακριτά Μαθηματικά Ι (Φ2, Θεοχαροπούλου Χριστίνα) - ΑΛΚΜΗΝΗ', 3),
(17189, 415, '2015-03-03', '10:00:00', '13:00:00', 'Διακριτά Μαθηματικά Ι (Φ2, Θεοχαροπούλου Χριστίνα) - ΑΛΚΜΗΝΗ', 3),
(17190, 415, '2015-03-10', '10:00:00', '13:00:00', 'Διακριτά Μαθηματικά Ι (Φ2, Θεοχαροπούλου Χριστίνα) - ΑΛΚΜΗΝΗ', 3),
(17191, 415, '2015-03-17', '10:00:00', '13:00:00', 'Διακριτά Μαθηματικά Ι (Φ2, Θεοχαροπούλου Χριστίνα) - ΑΛΚΜΗΝΗ', 3),
(17192, 415, '2015-03-24', '10:00:00', '13:00:00', 'Διακριτά Μαθηματικά Ι (Φ2, Θεοχαροπούλου Χριστίνα) - ΑΛΚΜΗΝΗ', 3),
(17193, 415, '2015-03-31', '10:00:00', '13:00:00', 'Διακριτά Μαθηματικά Ι (Φ2, Θεοχαροπούλου Χριστίνα) - ΑΛΚΜΗΝΗ', 3),
(17194, 415, '2015-04-07', '10:00:00', '13:00:00', 'Διακριτά Μαθηματικά Ι (Φ2, Θεοχαροπούλου Χριστίνα) - ΑΛΚΜΗΝΗ', 3),
(17195, 415, '2015-04-14', '10:00:00', '13:00:00', 'Διακριτά Μαθηματικά Ι (Φ2, Θεοχαροπούλου Χριστίνα) - ΑΛΚΜΗΝΗ', 3),
(17196, 415, '2015-04-21', '10:00:00', '13:00:00', 'Διακριτά Μαθηματικά Ι (Φ2, Θεοχαροπούλου Χριστίνα) - ΑΛΚΜΗΝΗ', 3),
(17197, 415, '2015-04-28', '10:00:00', '13:00:00', 'Διακριτά Μαθηματικά Ι (Φ2, Θεοχαροπούλου Χριστίνα) - ΑΛΚΜΗΝΗ', 3),
(17198, 415, '2015-05-05', '10:00:00', '13:00:00', 'Διακριτά Μαθηματικά Ι (Φ2, Θεοχαροπούλου Χριστίνα) - ΑΛΚΜΗΝΗ', 3),
(17199, 415, '2015-05-12', '10:00:00', '13:00:00', 'Διακριτά Μαθηματικά Ι (Φ2, Θεοχαροπούλου Χριστίνα) - ΑΛΚΜΗΝΗ', 3),
(17200, 415, '2015-05-19', '10:00:00', '13:00:00', 'Διακριτά Μαθηματικά Ι (Φ2, Θεοχαροπούλου Χριστίνα) - ΑΛΚΜΗΝΗ', 3),
(17201, 415, '2015-05-26', '10:00:00', '13:00:00', 'Διακριτά Μαθηματικά Ι (Φ2, Θεοχαροπούλου Χριστίνα) - ΑΛΚΜΗΝΗ', 3),
(17202, 415, '2015-06-02', '10:00:00', '13:00:00', 'Διακριτά Μαθηματικά Ι (Φ2, Θεοχαροπούλου Χριστίνα) - ΑΛΚΜΗΝΗ', 3),
(17203, 415, '2015-06-09', '10:00:00', '13:00:00', 'Διακριτά Μαθηματικά Ι (Φ2, Θεοχαροπούλου Χριστίνα) - ΑΛΚΜΗΝΗ', 3),
(17204, 415, '2015-06-16', '10:00:00', '13:00:00', 'Διακριτά Μαθηματικά Ι (Φ2, Θεοχαροπούλου Χριστίνα) - ΑΛΚΜΗΝΗ', 3),
(17205, 415, '2015-06-23', '10:00:00', '13:00:00', 'Διακριτά Μαθηματικά Ι (Φ2, Θεοχαροπούλου Χριστίνα) - ΑΛΚΜΗΝΗ', 3),
(17206, 415, '2015-06-30', '10:00:00', '13:00:00', 'Διακριτά Μαθηματικά Ι (Φ2, Θεοχαροπούλου Χριστίνα) - ΑΛΚΜΗΝΗ', 3),
(17207, 415, '2015-07-07', '10:00:00', '13:00:00', 'Διακριτά Μαθηματικά Ι (Φ2, Θεοχαροπούλου Χριστίνα) - ΑΛΚΜΗΝΗ', 3),
(17208, 415, '2015-07-14', '10:00:00', '13:00:00', 'Διακριτά Μαθηματικά Ι (Φ2, Θεοχαροπούλου Χριστίνα) - ΑΛΚΜΗΝΗ', 3),
(17209, 415, '2015-07-21', '10:00:00', '13:00:00', 'Διακριτά Μαθηματικά Ι (Φ2, Θεοχαροπούλου Χριστίνα) - ΑΛΚΜΗΝΗ', 3),
(17210, 415, '2015-07-28', '10:00:00', '13:00:00', 'Διακριτά Μαθηματικά Ι (Φ2, Θεοχαροπούλου Χριστίνα) - ΑΛΚΜΗΝΗ', 3),
(17211, 415, '2015-08-04', '10:00:00', '13:00:00', 'Διακριτά Μαθηματικά Ι (Φ2, Θεοχαροπούλου Χριστίνα) - ΑΛΚΜΗΝΗ', 3),
(17212, 415, '2015-08-11', '10:00:00', '13:00:00', 'Διακριτά Μαθηματικά Ι (Φ2, Θεοχαροπούλου Χριστίνα) - ΑΛΚΜΗΝΗ', 3),
(17213, 415, '2015-08-18', '10:00:00', '13:00:00', 'Διακριτά Μαθηματικά Ι (Φ2, Θεοχαροπούλου Χριστίνα) - ΑΛΚΜΗΝΗ', 3),
(17214, 415, '2015-08-25', '10:00:00', '13:00:00', 'Διακριτά Μαθηματικά Ι (Φ2, Θεοχαροπούλου Χριστίνα) - ΑΛΚΜΗΝΗ', 3),
(17215, 415, '2015-09-01', '10:00:00', '13:00:00', 'Διακριτά Μαθηματικά Ι (Φ2, Θεοχαροπούλου Χριστίνα) - ΑΛΚΜΗΝΗ', 3),
(17216, 415, '2015-09-08', '10:00:00', '13:00:00', 'Διακριτά Μαθηματικά Ι (Φ2, Θεοχαροπούλου Χριστίνα) - ΑΛΚΜΗΝΗ', 3),
(17217, 415, '2015-09-15', '10:00:00', '13:00:00', 'Διακριτά Μαθηματικά Ι (Φ2, Θεοχαροπούλου Χριστίνα) - ΑΛΚΜΗΝΗ', 3),
(17218, 415, '2015-09-22', '10:00:00', '13:00:00', 'Διακριτά Μαθηματικά Ι (Φ2, Θεοχαροπούλου Χριστίνα) - ΑΛΚΜΗΝΗ', 3),
(15738, 388, '2014-10-15', '19:00:00', '21:00:00', 'Αγγλικά 3 (Ε1, Λάνδρου Ευτυχία) - ΑΛΚΜΗΝΗ', 2),
(15739, 388, '2014-10-22', '19:00:00', '21:00:00', 'Αγγλικά 3 (Ε1, Λάνδρου Ευτυχία) - ΑΛΚΜΗΝΗ', 2),
(15737, 388, '2014-10-08', '19:00:00', '21:00:00', 'Αγγλικά 3 (Ε1, Λάνδρου Ευτυχία) - ΑΛΚΜΗΝΗ', 2),
(15736, 388, '2014-10-01', '19:00:00', '21:00:00', 'Αγγλικά 3 (Ε1, Λάνδρου Ευτυχία) - ΑΛΚΜΗΝΗ', 2),
(15734, 387, '2015-09-23', '15:00:00', '18:00:00', 'Υπολογιστική Λογική & Λογικός Προγραμματισμός (Θ1, Σταματάτος Ευστάθιος) - Ν. Σχολικό', 3),
(15735, 388, '2014-09-24', '19:00:00', '21:00:00', 'Αγγλικά 3 (Ε1, Λάνδρου Ευτυχία) - ΑΛΚΜΗΝΗ', 2),
(15733, 387, '2015-09-16', '15:00:00', '18:00:00', 'Υπολογιστική Λογική & Λογικός Προγραμματισμός (Θ1, Σταματάτος Ευστάθιος) - Ν. Σχολικό', 3),
(15732, 387, '2015-09-09', '15:00:00', '18:00:00', 'Υπολογιστική Λογική & Λογικός Προγραμματισμός (Θ1, Σταματάτος Ευστάθιος) - Ν. Σχολικό', 3),
(15731, 387, '2015-09-02', '15:00:00', '18:00:00', 'Υπολογιστική Λογική & Λογικός Προγραμματισμός (Θ1, Σταματάτος Ευστάθιος) - Ν. Σχολικό', 3),
(15730, 387, '2015-08-26', '15:00:00', '18:00:00', 'Υπολογιστική Λογική & Λογικός Προγραμματισμός (Θ1, Σταματάτος Ευστάθιος) - Ν. Σχολικό', 3),
(15729, 387, '2015-08-19', '15:00:00', '18:00:00', 'Υπολογιστική Λογική & Λογικός Προγραμματισμός (Θ1, Σταματάτος Ευστάθιος) - Ν. Σχολικό', 3),
(15728, 387, '2015-08-12', '15:00:00', '18:00:00', 'Υπολογιστική Λογική & Λογικός Προγραμματισμός (Θ1, Σταματάτος Ευστάθιος) - Ν. Σχολικό', 3),
(15727, 387, '2015-08-05', '15:00:00', '18:00:00', 'Υπολογιστική Λογική & Λογικός Προγραμματισμός (Θ1, Σταματάτος Ευστάθιος) - Ν. Σχολικό', 3),
(15726, 387, '2015-07-29', '15:00:00', '18:00:00', 'Υπολογιστική Λογική & Λογικός Προγραμματισμός (Θ1, Σταματάτος Ευστάθιος) - Ν. Σχολικό', 3),
(15725, 387, '2015-07-22', '15:00:00', '18:00:00', 'Υπολογιστική Λογική & Λογικός Προγραμματισμός (Θ1, Σταματάτος Ευστάθιος) - Ν. Σχολικό', 3),
(15723, 387, '2015-07-08', '15:00:00', '18:00:00', 'Υπολογιστική Λογική & Λογικός Προγραμματισμός (Θ1, Σταματάτος Ευστάθιος) - Ν. Σχολικό', 3),
(15724, 387, '2015-07-15', '15:00:00', '18:00:00', 'Υπολογιστική Λογική & Λογικός Προγραμματισμός (Θ1, Σταματάτος Ευστάθιος) - Ν. Σχολικό', 3),
(15722, 387, '2015-07-01', '15:00:00', '18:00:00', 'Υπολογιστική Λογική & Λογικός Προγραμματισμός (Θ1, Σταματάτος Ευστάθιος) - Ν. Σχολικό', 3),
(15721, 387, '2015-06-24', '15:00:00', '18:00:00', 'Υπολογιστική Λογική & Λογικός Προγραμματισμός (Θ1, Σταματάτος Ευστάθιος) - Ν. Σχολικό', 3),
(15720, 387, '2015-06-17', '15:00:00', '18:00:00', 'Υπολογιστική Λογική & Λογικός Προγραμματισμός (Θ1, Σταματάτος Ευστάθιος) - Ν. Σχολικό', 3),
(15719, 387, '2015-06-10', '15:00:00', '18:00:00', 'Υπολογιστική Λογική & Λογικός Προγραμματισμός (Θ1, Σταματάτος Ευστάθιος) - Ν. Σχολικό', 3),
(15718, 387, '2015-06-03', '15:00:00', '18:00:00', 'Υπολογιστική Λογική & Λογικός Προγραμματισμός (Θ1, Σταματάτος Ευστάθιος) - Ν. Σχολικό', 3),
(15717, 387, '2015-05-27', '15:00:00', '18:00:00', 'Υπολογιστική Λογική & Λογικός Προγραμματισμός (Θ1, Σταματάτος Ευστάθιος) - Ν. Σχολικό', 3),
(15716, 387, '2015-05-20', '15:00:00', '18:00:00', 'Υπολογιστική Λογική & Λογικός Προγραμματισμός (Θ1, Σταματάτος Ευστάθιος) - Ν. Σχολικό', 3),
(15715, 387, '2015-05-13', '15:00:00', '18:00:00', 'Υπολογιστική Λογική & Λογικός Προγραμματισμός (Θ1, Σταματάτος Ευστάθιος) - Ν. Σχολικό', 3),
(15714, 387, '2015-05-06', '15:00:00', '18:00:00', 'Υπολογιστική Λογική & Λογικός Προγραμματισμός (Θ1, Σταματάτος Ευστάθιος) - Ν. Σχολικό', 3),
(15710, 387, '2015-04-08', '15:00:00', '18:00:00', 'Υπολογιστική Λογική & Λογικός Προγραμματισμός (Θ1, Σταματάτος Ευστάθιος) - Ν. Σχολικό', 3),
(15711, 387, '2015-04-15', '15:00:00', '18:00:00', 'Υπολογιστική Λογική & Λογικός Προγραμματισμός (Θ1, Σταματάτος Ευστάθιος) - Ν. Σχολικό', 3),
(15712, 387, '2015-04-22', '15:00:00', '18:00:00', 'Υπολογιστική Λογική & Λογικός Προγραμματισμός (Θ1, Σταματάτος Ευστάθιος) - Ν. Σχολικό', 3),
(15713, 387, '2015-04-29', '15:00:00', '18:00:00', 'Υπολογιστική Λογική & Λογικός Προγραμματισμός (Θ1, Σταματάτος Ευστάθιος) - Ν. Σχολικό', 3),
(15943, 391, '2015-09-03', '16:00:00', '18:00:00', 'Μεθοδολογίες & Γλώσσες Προγραμματισμού ΙΙ (Ε4, Δούμα Αναστασία) - ΗΛΕΚΤΡΑ', 2),
(15942, 391, '2015-08-27', '16:00:00', '18:00:00', 'Μεθοδολογίες & Γλώσσες Προγραμματισμού ΙΙ (Ε4, Δούμα Αναστασία) - ΗΛΕΚΤΡΑ', 2),
(15941, 391, '2015-08-20', '16:00:00', '18:00:00', 'Μεθοδολογίες & Γλώσσες Προγραμματισμού ΙΙ (Ε4, Δούμα Αναστασία) - ΗΛΕΚΤΡΑ', 2),
(15940, 391, '2015-08-13', '16:00:00', '18:00:00', 'Μεθοδολογίες & Γλώσσες Προγραμματισμού ΙΙ (Ε4, Δούμα Αναστασία) - ΗΛΕΚΤΡΑ', 2),
(15939, 391, '2015-08-06', '16:00:00', '18:00:00', 'Μεθοδολογίες & Γλώσσες Προγραμματισμού ΙΙ (Ε4, Δούμα Αναστασία) - ΗΛΕΚΤΡΑ', 2),
(15938, 391, '2015-07-30', '16:00:00', '18:00:00', 'Μεθοδολογίες & Γλώσσες Προγραμματισμού ΙΙ (Ε4, Δούμα Αναστασία) - ΗΛΕΚΤΡΑ', 2),
(15937, 391, '2015-07-23', '16:00:00', '18:00:00', 'Μεθοδολογίες & Γλώσσες Προγραμματισμού ΙΙ (Ε4, Δούμα Αναστασία) - ΗΛΕΚΤΡΑ', 2),
(15936, 391, '2015-07-16', '16:00:00', '18:00:00', 'Μεθοδολογίες & Γλώσσες Προγραμματισμού ΙΙ (Ε4, Δούμα Αναστασία) - ΗΛΕΚΤΡΑ', 2),
(15935, 391, '2015-07-09', '16:00:00', '18:00:00', 'Μεθοδολογίες & Γλώσσες Προγραμματισμού ΙΙ (Ε4, Δούμα Αναστασία) - ΗΛΕΚΤΡΑ', 2),
(15934, 391, '2015-07-02', '16:00:00', '18:00:00', 'Μεθοδολογίες & Γλώσσες Προγραμματισμού ΙΙ (Ε4, Δούμα Αναστασία) - ΗΛΕΚΤΡΑ', 2),
(15933, 391, '2015-06-25', '16:00:00', '18:00:00', 'Μεθοδολογίες & Γλώσσες Προγραμματισμού ΙΙ (Ε4, Δούμα Αναστασία) - ΗΛΕΚΤΡΑ', 2),
(15932, 391, '2015-06-18', '16:00:00', '18:00:00', 'Μεθοδολογίες & Γλώσσες Προγραμματισμού ΙΙ (Ε4, Δούμα Αναστασία) - ΗΛΕΚΤΡΑ', 2),
(15931, 391, '2015-06-11', '16:00:00', '18:00:00', 'Μεθοδολογίες & Γλώσσες Προγραμματισμού ΙΙ (Ε4, Δούμα Αναστασία) - ΗΛΕΚΤΡΑ', 2),
(15930, 391, '2015-06-04', '16:00:00', '18:00:00', 'Μεθοδολογίες & Γλώσσες Προγραμματισμού ΙΙ (Ε4, Δούμα Αναστασία) - ΗΛΕΚΤΡΑ', 2),
(15929, 391, '2015-05-28', '16:00:00', '18:00:00', 'Μεθοδολογίες & Γλώσσες Προγραμματισμού ΙΙ (Ε4, Δούμα Αναστασία) - ΗΛΕΚΤΡΑ', 2),
(15928, 391, '2015-05-21', '16:00:00', '18:00:00', 'Μεθοδολογίες & Γλώσσες Προγραμματισμού ΙΙ (Ε4, Δούμα Αναστασία) - ΗΛΕΚΤΡΑ', 2),
(15927, 391, '2015-05-14', '16:00:00', '18:00:00', 'Μεθοδολογίες & Γλώσσες Προγραμματισμού ΙΙ (Ε4, Δούμα Αναστασία) - ΗΛΕΚΤΡΑ', 2),
(15926, 391, '2015-05-07', '16:00:00', '18:00:00', 'Μεθοδολογίες & Γλώσσες Προγραμματισμού ΙΙ (Ε4, Δούμα Αναστασία) - ΗΛΕΚΤΡΑ', 2),
(15925, 391, '2015-04-30', '16:00:00', '18:00:00', 'Μεθοδολογίες & Γλώσσες Προγραμματισμού ΙΙ (Ε4, Δούμα Αναστασία) - ΗΛΕΚΤΡΑ', 2),
(15924, 391, '2015-04-23', '16:00:00', '18:00:00', 'Μεθοδολογίες & Γλώσσες Προγραμματισμού ΙΙ (Ε4, Δούμα Αναστασία) - ΗΛΕΚΤΡΑ', 2),
(15923, 391, '2015-04-16', '16:00:00', '18:00:00', 'Μεθοδολογίες & Γλώσσες Προγραμματισμού ΙΙ (Ε4, Δούμα Αναστασία) - ΗΛΕΚΤΡΑ', 2),
(15922, 391, '2015-04-09', '16:00:00', '18:00:00', 'Μεθοδολογίες & Γλώσσες Προγραμματισμού ΙΙ (Ε4, Δούμα Αναστασία) - ΗΛΕΚΤΡΑ', 2),
(15921, 391, '2015-04-02', '16:00:00', '18:00:00', 'Μεθοδολογίες & Γλώσσες Προγραμματισμού ΙΙ (Ε4, Δούμα Αναστασία) - ΗΛΕΚΤΡΑ', 2),
(15920, 391, '2015-03-26', '16:00:00', '18:00:00', 'Μεθοδολογίες & Γλώσσες Προγραμματισμού ΙΙ (Ε4, Δούμα Αναστασία) - ΗΛΕΚΤΡΑ', 2),
(15919, 391, '2015-03-19', '16:00:00', '18:00:00', 'Μεθοδολογίες & Γλώσσες Προγραμματισμού ΙΙ (Ε4, Δούμα Αναστασία) - ΗΛΕΚΤΡΑ', 2),
(15918, 391, '2015-03-12', '16:00:00', '18:00:00', 'Μεθοδολογίες & Γλώσσες Προγραμματισμού ΙΙ (Ε4, Δούμα Αναστασία) - ΗΛΕΚΤΡΑ', 2),
(15917, 391, '2015-03-05', '16:00:00', '18:00:00', 'Μεθοδολογίες & Γλώσσες Προγραμματισμού ΙΙ (Ε4, Δούμα Αναστασία) - ΗΛΕΚΤΡΑ', 2),
(15916, 391, '2015-02-26', '16:00:00', '18:00:00', 'Μεθοδολογίες & Γλώσσες Προγραμματισμού ΙΙ (Ε4, Δούμα Αναστασία) - ΗΛΕΚΤΡΑ', 2),
(15915, 391, '2015-02-19', '16:00:00', '18:00:00', 'Μεθοδολογίες & Γλώσσες Προγραμματισμού ΙΙ (Ε4, Δούμα Αναστασία) - ΗΛΕΚΤΡΑ', 2),
(15914, 391, '2015-02-12', '16:00:00', '18:00:00', 'Μεθοδολογίες & Γλώσσες Προγραμματισμού ΙΙ (Ε4, Δούμα Αναστασία) - ΗΛΕΚΤΡΑ', 2),
(15913, 391, '2015-02-05', '16:00:00', '18:00:00', 'Μεθοδολογίες & Γλώσσες Προγραμματισμού ΙΙ (Ε4, Δούμα Αναστασία) - ΗΛΕΚΤΡΑ', 2),
(15912, 391, '2015-01-29', '16:00:00', '18:00:00', 'Μεθοδολογίες & Γλώσσες Προγραμματισμού ΙΙ (Ε4, Δούμα Αναστασία) - ΗΛΕΚΤΡΑ', 2),
(15911, 391, '2015-01-22', '16:00:00', '18:00:00', 'Μεθοδολογίες & Γλώσσες Προγραμματισμού ΙΙ (Ε4, Δούμα Αναστασία) - ΗΛΕΚΤΡΑ', 2),
(15910, 391, '2015-01-15', '16:00:00', '18:00:00', 'Μεθοδολογίες & Γλώσσες Προγραμματισμού ΙΙ (Ε4, Δούμα Αναστασία) - ΗΛΕΚΤΡΑ', 2),
(15909, 391, '2015-01-08', '16:00:00', '18:00:00', 'Μεθοδολογίες & Γλώσσες Προγραμματισμού ΙΙ (Ε4, Δούμα Αναστασία) - ΗΛΕΚΤΡΑ', 2),
(15908, 391, '2015-01-01', '16:00:00', '18:00:00', 'Μεθοδολογίες & Γλώσσες Προγραμματισμού ΙΙ (Ε4, Δούμα Αναστασία) - ΗΛΕΚΤΡΑ', 2),
(15907, 391, '2014-12-25', '16:00:00', '18:00:00', 'Μεθοδολογίες & Γλώσσες Προγραμματισμού ΙΙ (Ε4, Δούμα Αναστασία) - ΗΛΕΚΤΡΑ', 2),
(15906, 391, '2014-12-18', '16:00:00', '18:00:00', 'Μεθοδολογίες & Γλώσσες Προγραμματισμού ΙΙ (Ε4, Δούμα Αναστασία) - ΗΛΕΚΤΡΑ', 2),
(15905, 391, '2014-12-11', '16:00:00', '18:00:00', 'Μεθοδολογίες & Γλώσσες Προγραμματισμού ΙΙ (Ε4, Δούμα Αναστασία) - ΗΛΕΚΤΡΑ', 2),
(15904, 391, '2014-12-04', '16:00:00', '18:00:00', 'Μεθοδολογίες & Γλώσσες Προγραμματισμού ΙΙ (Ε4, Δούμα Αναστασία) - ΗΛΕΚΤΡΑ', 2),
(15903, 391, '2014-11-27', '16:00:00', '18:00:00', 'Μεθοδολογίες & Γλώσσες Προγραμματισμού ΙΙ (Ε4, Δούμα Αναστασία) - ΗΛΕΚΤΡΑ', 2),
(15902, 391, '2014-11-20', '16:00:00', '18:00:00', 'Μεθοδολογίες & Γλώσσες Προγραμματισμού ΙΙ (Ε4, Δούμα Αναστασία) - ΗΛΕΚΤΡΑ', 2),
(15901, 391, '2014-11-13', '16:00:00', '18:00:00', 'Μεθοδολογίες & Γλώσσες Προγραμματισμού ΙΙ (Ε4, Δούμα Αναστασία) - ΗΛΕΚΤΡΑ', 2),
(15900, 391, '2014-11-06', '16:00:00', '18:00:00', 'Μεθοδολογίες & Γλώσσες Προγραμματισμού ΙΙ (Ε4, Δούμα Αναστασία) - ΗΛΕΚΤΡΑ', 2);
INSERT INTO `Event` (`event_id`, `parent_id`, `start_date`, `start_time`, `end_time`, `title`, `duration`) VALUES
(15899, 391, '2014-10-30', '16:00:00', '18:00:00', 'Μεθοδολογίες & Γλώσσες Προγραμματισμού ΙΙ (Ε4, Δούμα Αναστασία) - ΗΛΕΚΤΡΑ', 2),
(15898, 391, '2014-10-23', '16:00:00', '18:00:00', 'Μεθοδολογίες & Γλώσσες Προγραμματισμού ΙΙ (Ε4, Δούμα Αναστασία) - ΗΛΕΚΤΡΑ', 2),
(15897, 391, '2014-10-16', '16:00:00', '18:00:00', 'Μεθοδολογίες & Γλώσσες Προγραμματισμού ΙΙ (Ε4, Δούμα Αναστασία) - ΗΛΕΚΤΡΑ', 2),
(15896, 391, '2014-10-09', '16:00:00', '18:00:00', 'Μεθοδολογίες & Γλώσσες Προγραμματισμού ΙΙ (Ε4, Δούμα Αναστασία) - ΗΛΕΚΤΡΑ', 2),
(15740, 388, '2014-10-29', '19:00:00', '21:00:00', 'Αγγλικά 3 (Ε1, Λάνδρου Ευτυχία) - ΑΛΚΜΗΝΗ', 2),
(15741, 388, '2014-11-05', '19:00:00', '21:00:00', 'Αγγλικά 3 (Ε1, Λάνδρου Ευτυχία) - ΑΛΚΜΗΝΗ', 2),
(15742, 388, '2014-11-12', '19:00:00', '21:00:00', 'Αγγλικά 3 (Ε1, Λάνδρου Ευτυχία) - ΑΛΚΜΗΝΗ', 2),
(15743, 388, '2014-11-19', '19:00:00', '21:00:00', 'Αγγλικά 3 (Ε1, Λάνδρου Ευτυχία) - ΑΛΚΜΗΝΗ', 2),
(15744, 388, '2014-11-26', '19:00:00', '21:00:00', 'Αγγλικά 3 (Ε1, Λάνδρου Ευτυχία) - ΑΛΚΜΗΝΗ', 2),
(15745, 388, '2014-12-03', '19:00:00', '21:00:00', 'Αγγλικά 3 (Ε1, Λάνδρου Ευτυχία) - ΑΛΚΜΗΝΗ', 2),
(15746, 388, '2014-12-10', '19:00:00', '21:00:00', 'Αγγλικά 3 (Ε1, Λάνδρου Ευτυχία) - ΑΛΚΜΗΝΗ', 2),
(15747, 388, '2014-12-17', '19:00:00', '21:00:00', 'Αγγλικά 3 (Ε1, Λάνδρου Ευτυχία) - ΑΛΚΜΗΝΗ', 2),
(15748, 388, '2014-12-24', '19:00:00', '21:00:00', 'Αγγλικά 3 (Ε1, Λάνδρου Ευτυχία) - ΑΛΚΜΗΝΗ', 2),
(15749, 388, '2014-12-31', '19:00:00', '21:00:00', 'Αγγλικά 3 (Ε1, Λάνδρου Ευτυχία) - ΑΛΚΜΗΝΗ', 2),
(15750, 388, '2015-01-07', '19:00:00', '21:00:00', 'Αγγλικά 3 (Ε1, Λάνδρου Ευτυχία) - ΑΛΚΜΗΝΗ', 2),
(15751, 388, '2015-01-14', '19:00:00', '21:00:00', 'Αγγλικά 3 (Ε1, Λάνδρου Ευτυχία) - ΑΛΚΜΗΝΗ', 2),
(15752, 388, '2015-01-21', '19:00:00', '21:00:00', 'Αγγλικά 3 (Ε1, Λάνδρου Ευτυχία) - ΑΛΚΜΗΝΗ', 2),
(15753, 388, '2015-01-28', '19:00:00', '21:00:00', 'Αγγλικά 3 (Ε1, Λάνδρου Ευτυχία) - ΑΛΚΜΗΝΗ', 2),
(15754, 388, '2015-02-04', '19:00:00', '21:00:00', 'Αγγλικά 3 (Ε1, Λάνδρου Ευτυχία) - ΑΛΚΜΗΝΗ', 2),
(15755, 388, '2015-02-11', '19:00:00', '21:00:00', 'Αγγλικά 3 (Ε1, Λάνδρου Ευτυχία) - ΑΛΚΜΗΝΗ', 2),
(15756, 388, '2015-02-18', '19:00:00', '21:00:00', 'Αγγλικά 3 (Ε1, Λάνδρου Ευτυχία) - ΑΛΚΜΗΝΗ', 2),
(15757, 388, '2015-02-25', '19:00:00', '21:00:00', 'Αγγλικά 3 (Ε1, Λάνδρου Ευτυχία) - ΑΛΚΜΗΝΗ', 2),
(15758, 388, '2015-03-04', '19:00:00', '21:00:00', 'Αγγλικά 3 (Ε1, Λάνδρου Ευτυχία) - ΑΛΚΜΗΝΗ', 2),
(15759, 388, '2015-03-11', '19:00:00', '21:00:00', 'Αγγλικά 3 (Ε1, Λάνδρου Ευτυχία) - ΑΛΚΜΗΝΗ', 2),
(15760, 388, '2015-03-18', '19:00:00', '21:00:00', 'Αγγλικά 3 (Ε1, Λάνδρου Ευτυχία) - ΑΛΚΜΗΝΗ', 2),
(15761, 388, '2015-03-25', '19:00:00', '21:00:00', 'Αγγλικά 3 (Ε1, Λάνδρου Ευτυχία) - ΑΛΚΜΗΝΗ', 2),
(15762, 388, '2015-04-01', '19:00:00', '21:00:00', 'Αγγλικά 3 (Ε1, Λάνδρου Ευτυχία) - ΑΛΚΜΗΝΗ', 2),
(15763, 388, '2015-04-08', '19:00:00', '21:00:00', 'Αγγλικά 3 (Ε1, Λάνδρου Ευτυχία) - ΑΛΚΜΗΝΗ', 2),
(15764, 388, '2015-04-15', '19:00:00', '21:00:00', 'Αγγλικά 3 (Ε1, Λάνδρου Ευτυχία) - ΑΛΚΜΗΝΗ', 2),
(15765, 388, '2015-04-22', '19:00:00', '21:00:00', 'Αγγλικά 3 (Ε1, Λάνδρου Ευτυχία) - ΑΛΚΜΗΝΗ', 2),
(15766, 388, '2015-04-29', '19:00:00', '21:00:00', 'Αγγλικά 3 (Ε1, Λάνδρου Ευτυχία) - ΑΛΚΜΗΝΗ', 2),
(15767, 388, '2015-05-06', '19:00:00', '21:00:00', 'Αγγλικά 3 (Ε1, Λάνδρου Ευτυχία) - ΑΛΚΜΗΝΗ', 2),
(15768, 388, '2015-05-13', '19:00:00', '21:00:00', 'Αγγλικά 3 (Ε1, Λάνδρου Ευτυχία) - ΑΛΚΜΗΝΗ', 2),
(15769, 388, '2015-05-20', '19:00:00', '21:00:00', 'Αγγλικά 3 (Ε1, Λάνδρου Ευτυχία) - ΑΛΚΜΗΝΗ', 2),
(15770, 388, '2015-05-27', '19:00:00', '21:00:00', 'Αγγλικά 3 (Ε1, Λάνδρου Ευτυχία) - ΑΛΚΜΗΝΗ', 2),
(15771, 388, '2015-06-03', '19:00:00', '21:00:00', 'Αγγλικά 3 (Ε1, Λάνδρου Ευτυχία) - ΑΛΚΜΗΝΗ', 2),
(15772, 388, '2015-06-10', '19:00:00', '21:00:00', 'Αγγλικά 3 (Ε1, Λάνδρου Ευτυχία) - ΑΛΚΜΗΝΗ', 2),
(15773, 388, '2015-06-17', '19:00:00', '21:00:00', 'Αγγλικά 3 (Ε1, Λάνδρου Ευτυχία) - ΑΛΚΜΗΝΗ', 2),
(15774, 388, '2015-06-24', '19:00:00', '21:00:00', 'Αγγλικά 3 (Ε1, Λάνδρου Ευτυχία) - ΑΛΚΜΗΝΗ', 2),
(15775, 388, '2015-07-01', '19:00:00', '21:00:00', 'Αγγλικά 3 (Ε1, Λάνδρου Ευτυχία) - ΑΛΚΜΗΝΗ', 2),
(15776, 388, '2015-07-08', '19:00:00', '21:00:00', 'Αγγλικά 3 (Ε1, Λάνδρου Ευτυχία) - ΑΛΚΜΗΝΗ', 2),
(15777, 388, '2015-07-15', '19:00:00', '21:00:00', 'Αγγλικά 3 (Ε1, Λάνδρου Ευτυχία) - ΑΛΚΜΗΝΗ', 2),
(15778, 388, '2015-07-22', '19:00:00', '21:00:00', 'Αγγλικά 3 (Ε1, Λάνδρου Ευτυχία) - ΑΛΚΜΗΝΗ', 2),
(15779, 388, '2015-07-29', '19:00:00', '21:00:00', 'Αγγλικά 3 (Ε1, Λάνδρου Ευτυχία) - ΑΛΚΜΗΝΗ', 2),
(15780, 388, '2015-08-05', '19:00:00', '21:00:00', 'Αγγλικά 3 (Ε1, Λάνδρου Ευτυχία) - ΑΛΚΜΗΝΗ', 2),
(15781, 388, '2015-08-12', '19:00:00', '21:00:00', 'Αγγλικά 3 (Ε1, Λάνδρου Ευτυχία) - ΑΛΚΜΗΝΗ', 2),
(15782, 388, '2015-08-19', '19:00:00', '21:00:00', 'Αγγλικά 3 (Ε1, Λάνδρου Ευτυχία) - ΑΛΚΜΗΝΗ', 2),
(15783, 388, '2015-08-26', '19:00:00', '21:00:00', 'Αγγλικά 3 (Ε1, Λάνδρου Ευτυχία) - ΑΛΚΜΗΝΗ', 2),
(15784, 388, '2015-09-02', '19:00:00', '21:00:00', 'Αγγλικά 3 (Ε1, Λάνδρου Ευτυχία) - ΑΛΚΜΗΝΗ', 2),
(15785, 388, '2015-09-09', '19:00:00', '21:00:00', 'Αγγλικά 3 (Ε1, Λάνδρου Ευτυχία) - ΑΛΚΜΗΝΗ', 2),
(15786, 388, '2015-09-16', '19:00:00', '21:00:00', 'Αγγλικά 3 (Ε1, Λάνδρου Ευτυχία) - ΑΛΚΜΗΝΗ', 2),
(15787, 388, '2015-09-23', '19:00:00', '21:00:00', 'Αγγλικά 3 (Ε1, Λάνδρου Ευτυχία) - ΑΛΚΜΗΝΗ', 2),
(15788, 389, '2014-09-25', '09:00:00', '11:00:00', 'Εφαρμοσμένα Μαθηματικά (Φ1, Θεοχαροπούλου Χριστίνα) - Νο.1', 4),
(15789, 389, '2014-10-02', '09:00:00', '11:00:00', 'Εφαρμοσμένα Μαθηματικά (Φ1, Θεοχαροπούλου Χριστίνα) - Νο.1', 4),
(15790, 389, '2014-10-09', '09:00:00', '11:00:00', 'Εφαρμοσμένα Μαθηματικά (Φ1, Θεοχαροπούλου Χριστίνα) - Νο.1', 4),
(15791, 389, '2014-10-16', '09:00:00', '11:00:00', 'Εφαρμοσμένα Μαθηματικά (Φ1, Θεοχαροπούλου Χριστίνα) - Νο.1', 4),
(15792, 389, '2014-10-23', '09:00:00', '11:00:00', 'Εφαρμοσμένα Μαθηματικά (Φ1, Θεοχαροπούλου Χριστίνα) - Νο.1', 4),
(15793, 389, '2014-10-30', '09:00:00', '11:00:00', 'Εφαρμοσμένα Μαθηματικά (Φ1, Θεοχαροπούλου Χριστίνα) - Νο.1', 4),
(15794, 389, '2014-11-06', '09:00:00', '11:00:00', 'Εφαρμοσμένα Μαθηματικά (Φ1, Θεοχαροπούλου Χριστίνα) - Νο.1', 4),
(15795, 389, '2014-11-13', '09:00:00', '11:00:00', 'Εφαρμοσμένα Μαθηματικά (Φ1, Θεοχαροπούλου Χριστίνα) - Νο.1', 4),
(15796, 389, '2014-11-20', '09:00:00', '11:00:00', 'Εφαρμοσμένα Μαθηματικά (Φ1, Θεοχαροπούλου Χριστίνα) - Νο.1', 4),
(15797, 389, '2014-11-27', '09:00:00', '11:00:00', 'Εφαρμοσμένα Μαθηματικά (Φ1, Θεοχαροπούλου Χριστίνα) - Νο.1', 4),
(15798, 389, '2014-12-04', '09:00:00', '11:00:00', 'Εφαρμοσμένα Μαθηματικά (Φ1, Θεοχαροπούλου Χριστίνα) - Νο.1', 4),
(15799, 389, '2014-12-11', '09:00:00', '11:00:00', 'Εφαρμοσμένα Μαθηματικά (Φ1, Θεοχαροπούλου Χριστίνα) - Νο.1', 4),
(15800, 389, '2014-12-18', '09:00:00', '11:00:00', 'Εφαρμοσμένα Μαθηματικά (Φ1, Θεοχαροπούλου Χριστίνα) - Νο.1', 4),
(15801, 389, '2014-12-25', '09:00:00', '11:00:00', 'Εφαρμοσμένα Μαθηματικά (Φ1, Θεοχαροπούλου Χριστίνα) - Νο.1', 4),
(15802, 389, '2015-01-01', '09:00:00', '11:00:00', 'Εφαρμοσμένα Μαθηματικά (Φ1, Θεοχαροπούλου Χριστίνα) - Νο.1', 4),
(15803, 389, '2015-01-08', '09:00:00', '11:00:00', 'Εφαρμοσμένα Μαθηματικά (Φ1, Θεοχαροπούλου Χριστίνα) - Νο.1', 4),
(15804, 389, '2015-01-15', '09:00:00', '11:00:00', 'Εφαρμοσμένα Μαθηματικά (Φ1, Θεοχαροπούλου Χριστίνα) - Νο.1', 4),
(15805, 389, '2015-01-22', '09:00:00', '11:00:00', 'Εφαρμοσμένα Μαθηματικά (Φ1, Θεοχαροπούλου Χριστίνα) - Νο.1', 4),
(15806, 389, '2015-01-29', '09:00:00', '11:00:00', 'Εφαρμοσμένα Μαθηματικά (Φ1, Θεοχαροπούλου Χριστίνα) - Νο.1', 4),
(15807, 389, '2015-02-05', '09:00:00', '11:00:00', 'Εφαρμοσμένα Μαθηματικά (Φ1, Θεοχαροπούλου Χριστίνα) - Νο.1', 4),
(15808, 389, '2015-02-12', '09:00:00', '11:00:00', 'Εφαρμοσμένα Μαθηματικά (Φ1, Θεοχαροπούλου Χριστίνα) - Νο.1', 4),
(15809, 389, '2015-02-19', '09:00:00', '11:00:00', 'Εφαρμοσμένα Μαθηματικά (Φ1, Θεοχαροπούλου Χριστίνα) - Νο.1', 4),
(15810, 389, '2015-02-26', '09:00:00', '11:00:00', 'Εφαρμοσμένα Μαθηματικά (Φ1, Θεοχαροπούλου Χριστίνα) - Νο.1', 4),
(15811, 389, '2015-03-05', '09:00:00', '11:00:00', 'Εφαρμοσμένα Μαθηματικά (Φ1, Θεοχαροπούλου Χριστίνα) - Νο.1', 4),
(15812, 389, '2015-03-12', '09:00:00', '11:00:00', 'Εφαρμοσμένα Μαθηματικά (Φ1, Θεοχαροπούλου Χριστίνα) - Νο.1', 4),
(15813, 389, '2015-03-19', '09:00:00', '11:00:00', 'Εφαρμοσμένα Μαθηματικά (Φ1, Θεοχαροπούλου Χριστίνα) - Νο.1', 4),
(15814, 389, '2015-03-26', '09:00:00', '11:00:00', 'Εφαρμοσμένα Μαθηματικά (Φ1, Θεοχαροπούλου Χριστίνα) - Νο.1', 4),
(15815, 389, '2015-04-02', '09:00:00', '11:00:00', 'Εφαρμοσμένα Μαθηματικά (Φ1, Θεοχαροπούλου Χριστίνα) - Νο.1', 4),
(15816, 389, '2015-04-09', '09:00:00', '11:00:00', 'Εφαρμοσμένα Μαθηματικά (Φ1, Θεοχαροπούλου Χριστίνα) - Νο.1', 4),
(15817, 389, '2015-04-16', '09:00:00', '11:00:00', 'Εφαρμοσμένα Μαθηματικά (Φ1, Θεοχαροπούλου Χριστίνα) - Νο.1', 4),
(15818, 389, '2015-04-23', '09:00:00', '11:00:00', 'Εφαρμοσμένα Μαθηματικά (Φ1, Θεοχαροπούλου Χριστίνα) - Νο.1', 4),
(15819, 389, '2015-04-30', '09:00:00', '11:00:00', 'Εφαρμοσμένα Μαθηματικά (Φ1, Θεοχαροπούλου Χριστίνα) - Νο.1', 4),
(15820, 389, '2015-05-07', '09:00:00', '11:00:00', 'Εφαρμοσμένα Μαθηματικά (Φ1, Θεοχαροπούλου Χριστίνα) - Νο.1', 4),
(15821, 389, '2015-05-14', '09:00:00', '11:00:00', 'Εφαρμοσμένα Μαθηματικά (Φ1, Θεοχαροπούλου Χριστίνα) - Νο.1', 4),
(15822, 389, '2015-05-21', '09:00:00', '11:00:00', 'Εφαρμοσμένα Μαθηματικά (Φ1, Θεοχαροπούλου Χριστίνα) - Νο.1', 4),
(15823, 389, '2015-05-28', '09:00:00', '11:00:00', 'Εφαρμοσμένα Μαθηματικά (Φ1, Θεοχαροπούλου Χριστίνα) - Νο.1', 4),
(15824, 389, '2015-06-04', '09:00:00', '11:00:00', 'Εφαρμοσμένα Μαθηματικά (Φ1, Θεοχαροπούλου Χριστίνα) - Νο.1', 4),
(15825, 389, '2015-06-11', '09:00:00', '11:00:00', 'Εφαρμοσμένα Μαθηματικά (Φ1, Θεοχαροπούλου Χριστίνα) - Νο.1', 4),
(15826, 389, '2015-06-18', '09:00:00', '11:00:00', 'Εφαρμοσμένα Μαθηματικά (Φ1, Θεοχαροπούλου Χριστίνα) - Νο.1', 4),
(15827, 389, '2015-06-25', '09:00:00', '11:00:00', 'Εφαρμοσμένα Μαθηματικά (Φ1, Θεοχαροπούλου Χριστίνα) - Νο.1', 4),
(15828, 389, '2015-07-02', '09:00:00', '11:00:00', 'Εφαρμοσμένα Μαθηματικά (Φ1, Θεοχαροπούλου Χριστίνα) - Νο.1', 4),
(15829, 389, '2015-07-09', '09:00:00', '11:00:00', 'Εφαρμοσμένα Μαθηματικά (Φ1, Θεοχαροπούλου Χριστίνα) - Νο.1', 4),
(15830, 389, '2015-07-16', '09:00:00', '11:00:00', 'Εφαρμοσμένα Μαθηματικά (Φ1, Θεοχαροπούλου Χριστίνα) - Νο.1', 4),
(15831, 389, '2015-07-23', '09:00:00', '11:00:00', 'Εφαρμοσμένα Μαθηματικά (Φ1, Θεοχαροπούλου Χριστίνα) - Νο.1', 4),
(15832, 389, '2015-07-30', '09:00:00', '11:00:00', 'Εφαρμοσμένα Μαθηματικά (Φ1, Θεοχαροπούλου Χριστίνα) - Νο.1', 4),
(15833, 389, '2015-08-06', '09:00:00', '11:00:00', 'Εφαρμοσμένα Μαθηματικά (Φ1, Θεοχαροπούλου Χριστίνα) - Νο.1', 4),
(15834, 389, '2015-08-13', '09:00:00', '11:00:00', 'Εφαρμοσμένα Μαθηματικά (Φ1, Θεοχαροπούλου Χριστίνα) - Νο.1', 4),
(15835, 389, '2015-08-20', '09:00:00', '11:00:00', 'Εφαρμοσμένα Μαθηματικά (Φ1, Θεοχαροπούλου Χριστίνα) - Νο.1', 4),
(15836, 389, '2015-08-27', '09:00:00', '11:00:00', 'Εφαρμοσμένα Μαθηματικά (Φ1, Θεοχαροπούλου Χριστίνα) - Νο.1', 4),
(15837, 389, '2015-09-03', '09:00:00', '11:00:00', 'Εφαρμοσμένα Μαθηματικά (Φ1, Θεοχαροπούλου Χριστίνα) - Νο.1', 4),
(15838, 389, '2015-09-10', '09:00:00', '11:00:00', 'Εφαρμοσμένα Μαθηματικά (Φ1, Θεοχαροπούλου Χριστίνα) - Νο.1', 4),
(15839, 389, '2015-09-17', '09:00:00', '11:00:00', 'Εφαρμοσμένα Μαθηματικά (Φ1, Θεοχαροπούλου Χριστίνα) - Νο.1', 4),
(15840, 389, '2015-09-24', '09:00:00', '11:00:00', 'Εφαρμοσμένα Μαθηματικά (Φ1, Θεοχαροπούλου Χριστίνα) - Νο.1', 4),
(15841, 390, '2014-09-25', '14:00:00', '16:00:00', 'Μεθοδολογίες & Γλώσσες Προγραμματισμού ΙΙ (Ε3, Δούμα Αναστασία) - ΗΛΕΚΤΡΑ', 2),
(15842, 390, '2014-10-02', '14:00:00', '16:00:00', 'Μεθοδολογίες & Γλώσσες Προγραμματισμού ΙΙ (Ε3, Δούμα Αναστασία) - ΗΛΕΚΤΡΑ', 2),
(15843, 390, '2014-10-09', '14:00:00', '16:00:00', 'Μεθοδολογίες & Γλώσσες Προγραμματισμού ΙΙ (Ε3, Δούμα Αναστασία) - ΗΛΕΚΤΡΑ', 2),
(15844, 390, '2014-10-16', '14:00:00', '16:00:00', 'Μεθοδολογίες & Γλώσσες Προγραμματισμού ΙΙ (Ε3, Δούμα Αναστασία) - ΗΛΕΚΤΡΑ', 2),
(15845, 390, '2014-10-23', '14:00:00', '16:00:00', 'Μεθοδολογίες & Γλώσσες Προγραμματισμού ΙΙ (Ε3, Δούμα Αναστασία) - ΗΛΕΚΤΡΑ', 2),
(15846, 390, '2014-10-30', '14:00:00', '16:00:00', 'Μεθοδολογίες & Γλώσσες Προγραμματισμού ΙΙ (Ε3, Δούμα Αναστασία) - ΗΛΕΚΤΡΑ', 2),
(15847, 390, '2014-11-06', '14:00:00', '16:00:00', 'Μεθοδολογίες & Γλώσσες Προγραμματισμού ΙΙ (Ε3, Δούμα Αναστασία) - ΗΛΕΚΤΡΑ', 2),
(15848, 390, '2014-11-13', '14:00:00', '16:00:00', 'Μεθοδολογίες & Γλώσσες Προγραμματισμού ΙΙ (Ε3, Δούμα Αναστασία) - ΗΛΕΚΤΡΑ', 2),
(15849, 390, '2014-11-20', '14:00:00', '16:00:00', 'Μεθοδολογίες & Γλώσσες Προγραμματισμού ΙΙ (Ε3, Δούμα Αναστασία) - ΗΛΕΚΤΡΑ', 2),
(15850, 390, '2014-11-27', '14:00:00', '16:00:00', 'Μεθοδολογίες & Γλώσσες Προγραμματισμού ΙΙ (Ε3, Δούμα Αναστασία) - ΗΛΕΚΤΡΑ', 2),
(15851, 390, '2014-12-04', '14:00:00', '16:00:00', 'Μεθοδολογίες & Γλώσσες Προγραμματισμού ΙΙ (Ε3, Δούμα Αναστασία) - ΗΛΕΚΤΡΑ', 2),
(15852, 390, '2014-12-11', '14:00:00', '16:00:00', 'Μεθοδολογίες & Γλώσσες Προγραμματισμού ΙΙ (Ε3, Δούμα Αναστασία) - ΗΛΕΚΤΡΑ', 2),
(15853, 390, '2014-12-18', '14:00:00', '16:00:00', 'Μεθοδολογίες & Γλώσσες Προγραμματισμού ΙΙ (Ε3, Δούμα Αναστασία) - ΗΛΕΚΤΡΑ', 2),
(15854, 390, '2014-12-25', '14:00:00', '16:00:00', 'Μεθοδολογίες & Γλώσσες Προγραμματισμού ΙΙ (Ε3, Δούμα Αναστασία) - ΗΛΕΚΤΡΑ', 2),
(15855, 390, '2015-01-01', '14:00:00', '16:00:00', 'Μεθοδολογίες & Γλώσσες Προγραμματισμού ΙΙ (Ε3, Δούμα Αναστασία) - ΗΛΕΚΤΡΑ', 2),
(15856, 390, '2015-01-08', '14:00:00', '16:00:00', 'Μεθοδολογίες & Γλώσσες Προγραμματισμού ΙΙ (Ε3, Δούμα Αναστασία) - ΗΛΕΚΤΡΑ', 2),
(15857, 390, '2015-01-15', '14:00:00', '16:00:00', 'Μεθοδολογίες & Γλώσσες Προγραμματισμού ΙΙ (Ε3, Δούμα Αναστασία) - ΗΛΕΚΤΡΑ', 2),
(15858, 390, '2015-01-22', '14:00:00', '16:00:00', 'Μεθοδολογίες & Γλώσσες Προγραμματισμού ΙΙ (Ε3, Δούμα Αναστασία) - ΗΛΕΚΤΡΑ', 2),
(15859, 390, '2015-01-29', '14:00:00', '16:00:00', 'Μεθοδολογίες & Γλώσσες Προγραμματισμού ΙΙ (Ε3, Δούμα Αναστασία) - ΗΛΕΚΤΡΑ', 2),
(15860, 390, '2015-02-05', '14:00:00', '16:00:00', 'Μεθοδολογίες & Γλώσσες Προγραμματισμού ΙΙ (Ε3, Δούμα Αναστασία) - ΗΛΕΚΤΡΑ', 2),
(15861, 390, '2015-02-12', '14:00:00', '16:00:00', 'Μεθοδολογίες & Γλώσσες Προγραμματισμού ΙΙ (Ε3, Δούμα Αναστασία) - ΗΛΕΚΤΡΑ', 2),
(15862, 390, '2015-02-19', '14:00:00', '16:00:00', 'Μεθοδολογίες & Γλώσσες Προγραμματισμού ΙΙ (Ε3, Δούμα Αναστασία) - ΗΛΕΚΤΡΑ', 2),
(15863, 390, '2015-02-26', '14:00:00', '16:00:00', 'Μεθοδολογίες & Γλώσσες Προγραμματισμού ΙΙ (Ε3, Δούμα Αναστασία) - ΗΛΕΚΤΡΑ', 2),
(15864, 390, '2015-03-05', '14:00:00', '16:00:00', 'Μεθοδολογίες & Γλώσσες Προγραμματισμού ΙΙ (Ε3, Δούμα Αναστασία) - ΗΛΕΚΤΡΑ', 2),
(15865, 390, '2015-03-12', '14:00:00', '16:00:00', 'Μεθοδολογίες & Γλώσσες Προγραμματισμού ΙΙ (Ε3, Δούμα Αναστασία) - ΗΛΕΚΤΡΑ', 2),
(15866, 390, '2015-03-19', '14:00:00', '16:00:00', 'Μεθοδολογίες & Γλώσσες Προγραμματισμού ΙΙ (Ε3, Δούμα Αναστασία) - ΗΛΕΚΤΡΑ', 2),
(15867, 390, '2015-03-26', '14:00:00', '16:00:00', 'Μεθοδολογίες & Γλώσσες Προγραμματισμού ΙΙ (Ε3, Δούμα Αναστασία) - ΗΛΕΚΤΡΑ', 2),
(15868, 390, '2015-04-02', '14:00:00', '16:00:00', 'Μεθοδολογίες & Γλώσσες Προγραμματισμού ΙΙ (Ε3, Δούμα Αναστασία) - ΗΛΕΚΤΡΑ', 2),
(15869, 390, '2015-04-09', '14:00:00', '16:00:00', 'Μεθοδολογίες & Γλώσσες Προγραμματισμού ΙΙ (Ε3, Δούμα Αναστασία) - ΗΛΕΚΤΡΑ', 2),
(15870, 390, '2015-04-16', '14:00:00', '16:00:00', 'Μεθοδολογίες & Γλώσσες Προγραμματισμού ΙΙ (Ε3, Δούμα Αναστασία) - ΗΛΕΚΤΡΑ', 2),
(15871, 390, '2015-04-23', '14:00:00', '16:00:00', 'Μεθοδολογίες & Γλώσσες Προγραμματισμού ΙΙ (Ε3, Δούμα Αναστασία) - ΗΛΕΚΤΡΑ', 2),
(15872, 390, '2015-04-30', '14:00:00', '16:00:00', 'Μεθοδολογίες & Γλώσσες Προγραμματισμού ΙΙ (Ε3, Δούμα Αναστασία) - ΗΛΕΚΤΡΑ', 2),
(15873, 390, '2015-05-07', '14:00:00', '16:00:00', 'Μεθοδολογίες & Γλώσσες Προγραμματισμού ΙΙ (Ε3, Δούμα Αναστασία) - ΗΛΕΚΤΡΑ', 2),
(15874, 390, '2015-05-14', '14:00:00', '16:00:00', 'Μεθοδολογίες & Γλώσσες Προγραμματισμού ΙΙ (Ε3, Δούμα Αναστασία) - ΗΛΕΚΤΡΑ', 2),
(15875, 390, '2015-05-21', '14:00:00', '16:00:00', 'Μεθοδολογίες & Γλώσσες Προγραμματισμού ΙΙ (Ε3, Δούμα Αναστασία) - ΗΛΕΚΤΡΑ', 2),
(15876, 390, '2015-05-28', '14:00:00', '16:00:00', 'Μεθοδολογίες & Γλώσσες Προγραμματισμού ΙΙ (Ε3, Δούμα Αναστασία) - ΗΛΕΚΤΡΑ', 2),
(15877, 390, '2015-06-04', '14:00:00', '16:00:00', 'Μεθοδολογίες & Γλώσσες Προγραμματισμού ΙΙ (Ε3, Δούμα Αναστασία) - ΗΛΕΚΤΡΑ', 2),
(15878, 390, '2015-06-11', '14:00:00', '16:00:00', 'Μεθοδολογίες & Γλώσσες Προγραμματισμού ΙΙ (Ε3, Δούμα Αναστασία) - ΗΛΕΚΤΡΑ', 2),
(15879, 390, '2015-06-18', '14:00:00', '16:00:00', 'Μεθοδολογίες & Γλώσσες Προγραμματισμού ΙΙ (Ε3, Δούμα Αναστασία) - ΗΛΕΚΤΡΑ', 2),
(15880, 390, '2015-06-25', '14:00:00', '16:00:00', 'Μεθοδολογίες & Γλώσσες Προγραμματισμού ΙΙ (Ε3, Δούμα Αναστασία) - ΗΛΕΚΤΡΑ', 2),
(15881, 390, '2015-07-02', '14:00:00', '16:00:00', 'Μεθοδολογίες & Γλώσσες Προγραμματισμού ΙΙ (Ε3, Δούμα Αναστασία) - ΗΛΕΚΤΡΑ', 2),
(15882, 390, '2015-07-09', '14:00:00', '16:00:00', 'Μεθοδολογίες & Γλώσσες Προγραμματισμού ΙΙ (Ε3, Δούμα Αναστασία) - ΗΛΕΚΤΡΑ', 2),
(15883, 390, '2015-07-16', '14:00:00', '16:00:00', 'Μεθοδολογίες & Γλώσσες Προγραμματισμού ΙΙ (Ε3, Δούμα Αναστασία) - ΗΛΕΚΤΡΑ', 2),
(15884, 390, '2015-07-23', '14:00:00', '16:00:00', 'Μεθοδολογίες & Γλώσσες Προγραμματισμού ΙΙ (Ε3, Δούμα Αναστασία) - ΗΛΕΚΤΡΑ', 2),
(15885, 390, '2015-07-30', '14:00:00', '16:00:00', 'Μεθοδολογίες & Γλώσσες Προγραμματισμού ΙΙ (Ε3, Δούμα Αναστασία) - ΗΛΕΚΤΡΑ', 2),
(15886, 390, '2015-08-06', '14:00:00', '16:00:00', 'Μεθοδολογίες & Γλώσσες Προγραμματισμού ΙΙ (Ε3, Δούμα Αναστασία) - ΗΛΕΚΤΡΑ', 2),
(15887, 390, '2015-08-13', '14:00:00', '16:00:00', 'Μεθοδολογίες & Γλώσσες Προγραμματισμού ΙΙ (Ε3, Δούμα Αναστασία) - ΗΛΕΚΤΡΑ', 2),
(15888, 390, '2015-08-20', '14:00:00', '16:00:00', 'Μεθοδολογίες & Γλώσσες Προγραμματισμού ΙΙ (Ε3, Δούμα Αναστασία) - ΗΛΕΚΤΡΑ', 2),
(15889, 390, '2015-08-27', '14:00:00', '16:00:00', 'Μεθοδολογίες & Γλώσσες Προγραμματισμού ΙΙ (Ε3, Δούμα Αναστασία) - ΗΛΕΚΤΡΑ', 2),
(15890, 390, '2015-09-03', '14:00:00', '16:00:00', 'Μεθοδολογίες & Γλώσσες Προγραμματισμού ΙΙ (Ε3, Δούμα Αναστασία) - ΗΛΕΚΤΡΑ', 2),
(15891, 390, '2015-09-10', '14:00:00', '16:00:00', 'Μεθοδολογίες & Γλώσσες Προγραμματισμού ΙΙ (Ε3, Δούμα Αναστασία) - ΗΛΕΚΤΡΑ', 2),
(15892, 390, '2015-09-17', '14:00:00', '16:00:00', 'Μεθοδολογίες & Γλώσσες Προγραμματισμού ΙΙ (Ε3, Δούμα Αναστασία) - ΗΛΕΚΤΡΑ', 2),
(15893, 390, '2015-09-24', '14:00:00', '16:00:00', 'Μεθοδολογίες & Γλώσσες Προγραμματισμού ΙΙ (Ε3, Δούμα Αναστασία) - ΗΛΕΚΤΡΑ', 2),
(15894, 391, '2014-09-25', '16:00:00', '18:00:00', 'Μεθοδολογίες & Γλώσσες Προγραμματισμού ΙΙ (Ε4, Δούμα Αναστασία) - ΗΛΕΚΤΡΑ', 2),
(15895, 391, '2014-10-02', '16:00:00', '18:00:00', 'Μεθοδολογίες & Γλώσσες Προγραμματισμού ΙΙ (Ε4, Δούμα Αναστασία) - ΗΛΕΚΤΡΑ', 2),
(17106, 413, '2015-08-10', '09:00:00', '12:00:00', 'Εισαγωγή στον Προγραμματισμό (Θ1, Δρόσος Δημήτριος) - Νο.1', 3),
(17105, 413, '2015-08-03', '09:00:00', '12:00:00', 'Εισαγωγή στον Προγραμματισμό (Θ1, Δρόσος Δημήτριος) - Νο.1', 3),
(17104, 413, '2015-07-27', '09:00:00', '12:00:00', 'Εισαγωγή στον Προγραμματισμό (Θ1, Δρόσος Δημήτριος) - Νο.1', 3),
(17103, 413, '2015-07-20', '09:00:00', '12:00:00', 'Εισαγωγή στον Προγραμματισμό (Θ1, Δρόσος Δημήτριος) - Νο.1', 3),
(17102, 413, '2015-07-13', '09:00:00', '12:00:00', 'Εισαγωγή στον Προγραμματισμό (Θ1, Δρόσος Δημήτριος) - Νο.1', 3),
(17101, 413, '2015-07-06', '09:00:00', '12:00:00', 'Εισαγωγή στον Προγραμματισμό (Θ1, Δρόσος Δημήτριος) - Νο.1', 3),
(17100, 413, '2015-06-29', '09:00:00', '12:00:00', 'Εισαγωγή στον Προγραμματισμό (Θ1, Δρόσος Δημήτριος) - Νο.1', 3),
(17099, 413, '2015-06-22', '09:00:00', '12:00:00', 'Εισαγωγή στον Προγραμματισμό (Θ1, Δρόσος Δημήτριος) - Νο.1', 3),
(17098, 413, '2015-06-15', '09:00:00', '12:00:00', 'Εισαγωγή στον Προγραμματισμό (Θ1, Δρόσος Δημήτριος) - Νο.1', 3),
(17097, 413, '2015-06-08', '09:00:00', '12:00:00', 'Εισαγωγή στον Προγραμματισμό (Θ1, Δρόσος Δημήτριος) - Νο.1', 3),
(17096, 413, '2015-06-01', '09:00:00', '12:00:00', 'Εισαγωγή στον Προγραμματισμό (Θ1, Δρόσος Δημήτριος) - Νο.1', 3),
(17095, 413, '2015-05-25', '09:00:00', '12:00:00', 'Εισαγωγή στον Προγραμματισμό (Θ1, Δρόσος Δημήτριος) - Νο.1', 3),
(17094, 413, '2015-05-18', '09:00:00', '12:00:00', 'Εισαγωγή στον Προγραμματισμό (Θ1, Δρόσος Δημήτριος) - Νο.1', 3),
(17093, 413, '2015-05-11', '09:00:00', '12:00:00', 'Εισαγωγή στον Προγραμματισμό (Θ1, Δρόσος Δημήτριος) - Νο.1', 3),
(17092, 413, '2015-05-04', '09:00:00', '12:00:00', 'Εισαγωγή στον Προγραμματισμό (Θ1, Δρόσος Δημήτριος) - Νο.1', 3),
(17091, 413, '2015-04-27', '09:00:00', '12:00:00', 'Εισαγωγή στον Προγραμματισμό (Θ1, Δρόσος Δημήτριος) - Νο.1', 3),
(17066, 413, '2014-11-03', '09:00:00', '12:00:00', 'Εισαγωγή στον Προγραμματισμό (Θ1, Δρόσος Δημήτριος) - Νο.1', 3),
(17067, 413, '2014-11-10', '09:00:00', '12:00:00', 'Εισαγωγή στον Προγραμματισμό (Θ1, Δρόσος Δημήτριος) - Νο.1', 3),
(17068, 413, '2014-11-17', '09:00:00', '12:00:00', 'Εισαγωγή στον Προγραμματισμό (Θ1, Δρόσος Δημήτριος) - Νο.1', 3),
(17069, 413, '2014-11-24', '09:00:00', '12:00:00', 'Εισαγωγή στον Προγραμματισμό (Θ1, Δρόσος Δημήτριος) - Νο.1', 3),
(17070, 413, '2014-12-01', '09:00:00', '12:00:00', 'Εισαγωγή στον Προγραμματισμό (Θ1, Δρόσος Δημήτριος) - Νο.1', 3),
(17071, 413, '2014-12-08', '09:00:00', '12:00:00', 'Εισαγωγή στον Προγραμματισμό (Θ1, Δρόσος Δημήτριος) - Νο.1', 3),
(17072, 413, '2014-12-15', '09:00:00', '12:00:00', 'Εισαγωγή στον Προγραμματισμό (Θ1, Δρόσος Δημήτριος) - Νο.1', 3),
(17073, 413, '2014-12-22', '09:00:00', '12:00:00', 'Εισαγωγή στον Προγραμματισμό (Θ1, Δρόσος Δημήτριος) - Νο.1', 3),
(17074, 413, '2014-12-29', '09:00:00', '12:00:00', 'Εισαγωγή στον Προγραμματισμό (Θ1, Δρόσος Δημήτριος) - Νο.1', 3),
(17075, 413, '2015-01-05', '09:00:00', '12:00:00', 'Εισαγωγή στον Προγραμματισμό (Θ1, Δρόσος Δημήτριος) - Νο.1', 3),
(17076, 413, '2015-01-12', '09:00:00', '12:00:00', 'Εισαγωγή στον Προγραμματισμό (Θ1, Δρόσος Δημήτριος) - Νο.1', 3),
(17077, 413, '2015-01-19', '09:00:00', '12:00:00', 'Εισαγωγή στον Προγραμματισμό (Θ1, Δρόσος Δημήτριος) - Νο.1', 3),
(17078, 413, '2015-01-26', '09:00:00', '12:00:00', 'Εισαγωγή στον Προγραμματισμό (Θ1, Δρόσος Δημήτριος) - Νο.1', 3),
(17079, 413, '2015-02-02', '09:00:00', '12:00:00', 'Εισαγωγή στον Προγραμματισμό (Θ1, Δρόσος Δημήτριος) - Νο.1', 3),
(17080, 413, '2015-02-09', '09:00:00', '12:00:00', 'Εισαγωγή στον Προγραμματισμό (Θ1, Δρόσος Δημήτριος) - Νο.1', 3),
(17081, 413, '2015-02-16', '09:00:00', '12:00:00', 'Εισαγωγή στον Προγραμματισμό (Θ1, Δρόσος Δημήτριος) - Νο.1', 3),
(17082, 413, '2015-02-23', '09:00:00', '12:00:00', 'Εισαγωγή στον Προγραμματισμό (Θ1, Δρόσος Δημήτριος) - Νο.1', 3),
(17083, 413, '2015-03-02', '09:00:00', '12:00:00', 'Εισαγωγή στον Προγραμματισμό (Θ1, Δρόσος Δημήτριος) - Νο.1', 3),
(17084, 413, '2015-03-09', '09:00:00', '12:00:00', 'Εισαγωγή στον Προγραμματισμό (Θ1, Δρόσος Δημήτριος) - Νο.1', 3),
(17085, 413, '2015-03-16', '09:00:00', '12:00:00', 'Εισαγωγή στον Προγραμματισμό (Θ1, Δρόσος Δημήτριος) - Νο.1', 3),
(17086, 413, '2015-03-23', '09:00:00', '12:00:00', 'Εισαγωγή στον Προγραμματισμό (Θ1, Δρόσος Δημήτριος) - Νο.1', 3),
(17087, 413, '2015-03-30', '09:00:00', '12:00:00', 'Εισαγωγή στον Προγραμματισμό (Θ1, Δρόσος Δημήτριος) - Νο.1', 3),
(17088, 413, '2015-04-06', '09:00:00', '12:00:00', 'Εισαγωγή στον Προγραμματισμό (Θ1, Δρόσος Δημήτριος) - Νο.1', 3),
(17089, 413, '2015-04-13', '09:00:00', '12:00:00', 'Εισαγωγή στον Προγραμματισμό (Θ1, Δρόσος Δημήτριος) - Νο.1', 3),
(17090, 413, '2015-04-20', '09:00:00', '12:00:00', 'Εισαγωγή στον Προγραμματισμό (Θ1, Δρόσος Δημήτριος) - Νο.1', 3),
(17064, 413, '2014-10-20', '09:00:00', '12:00:00', 'Εισαγωγή στον Προγραμματισμό (Θ1, Δρόσος Δημήτριος) - Νο.1', 3),
(17063, 413, '2014-10-13', '09:00:00', '12:00:00', 'Εισαγωγή στον Προγραμματισμό (Θ1, Δρόσος Δημήτριος) - Νο.1', 3),
(17060, 413, '2014-09-22', '09:00:00', '12:00:00', 'Εισαγωγή στον Προγραμματισμό (Θ1, Δρόσος Δημήτριος) - Νο.1', 3),
(17062, 413, '2014-10-06', '09:00:00', '12:00:00', 'Εισαγωγή στον Προγραμματισμό (Θ1, Δρόσος Δημήτριος) - Νο.1', 3),
(17061, 413, '2014-09-29', '09:00:00', '12:00:00', 'Εισαγωγή στον Προγραμματισμό (Θ1, Δρόσος Δημήτριος) - Νο.1', 3),
(16529, 402, '2015-09-25', '13:00:00', '15:00:00', 'Στοχαστική Ανάλυση (Φ2, Φωτιάδης Γεώργιος) - Νο.3', 4),
(16528, 402, '2015-09-18', '13:00:00', '15:00:00', 'Στοχαστική Ανάλυση (Φ2, Φωτιάδης Γεώργιος) - Νο.3', 4),
(16527, 402, '2015-09-11', '13:00:00', '15:00:00', 'Στοχαστική Ανάλυση (Φ2, Φωτιάδης Γεώργιος) - Νο.3', 4),
(16526, 402, '2015-09-04', '13:00:00', '15:00:00', 'Στοχαστική Ανάλυση (Φ2, Φωτιάδης Γεώργιος) - Νο.3', 4),
(16525, 402, '2015-08-28', '13:00:00', '15:00:00', 'Στοχαστική Ανάλυση (Φ2, Φωτιάδης Γεώργιος) - Νο.3', 4),
(16524, 402, '2015-08-21', '13:00:00', '15:00:00', 'Στοχαστική Ανάλυση (Φ2, Φωτιάδης Γεώργιος) - Νο.3', 4),
(16523, 402, '2015-08-14', '13:00:00', '15:00:00', 'Στοχαστική Ανάλυση (Φ2, Φωτιάδης Γεώργιος) - Νο.3', 4),
(16522, 402, '2015-08-07', '13:00:00', '15:00:00', 'Στοχαστική Ανάλυση (Φ2, Φωτιάδης Γεώργιος) - Νο.3', 4),
(16521, 402, '2015-07-31', '13:00:00', '15:00:00', 'Στοχαστική Ανάλυση (Φ2, Φωτιάδης Γεώργιος) - Νο.3', 4),
(16520, 402, '2015-07-24', '13:00:00', '15:00:00', 'Στοχαστική Ανάλυση (Φ2, Φωτιάδης Γεώργιος) - Νο.3', 4),
(16519, 402, '2015-07-17', '13:00:00', '15:00:00', 'Στοχαστική Ανάλυση (Φ2, Φωτιάδης Γεώργιος) - Νο.3', 4),
(16518, 402, '2015-07-10', '13:00:00', '15:00:00', 'Στοχαστική Ανάλυση (Φ2, Φωτιάδης Γεώργιος) - Νο.3', 4),
(16517, 402, '2015-07-03', '13:00:00', '15:00:00', 'Στοχαστική Ανάλυση (Φ2, Φωτιάδης Γεώργιος) - Νο.3', 4),
(16516, 402, '2015-06-26', '13:00:00', '15:00:00', 'Στοχαστική Ανάλυση (Φ2, Φωτιάδης Γεώργιος) - Νο.3', 4),
(16515, 402, '2015-06-19', '13:00:00', '15:00:00', 'Στοχαστική Ανάλυση (Φ2, Φωτιάδης Γεώργιος) - Νο.3', 4),
(16514, 402, '2015-06-12', '13:00:00', '15:00:00', 'Στοχαστική Ανάλυση (Φ2, Φωτιάδης Γεώργιος) - Νο.3', 4),
(16513, 402, '2015-06-05', '13:00:00', '15:00:00', 'Στοχαστική Ανάλυση (Φ2, Φωτιάδης Γεώργιος) - Νο.3', 4),
(16512, 402, '2015-05-29', '13:00:00', '15:00:00', 'Στοχαστική Ανάλυση (Φ2, Φωτιάδης Γεώργιος) - Νο.3', 4),
(16511, 402, '2015-05-22', '13:00:00', '15:00:00', 'Στοχαστική Ανάλυση (Φ2, Φωτιάδης Γεώργιος) - Νο.3', 4),
(16510, 402, '2015-05-15', '13:00:00', '15:00:00', 'Στοχαστική Ανάλυση (Φ2, Φωτιάδης Γεώργιος) - Νο.3', 4),
(16509, 402, '2015-05-08', '13:00:00', '15:00:00', 'Στοχαστική Ανάλυση (Φ2, Φωτιάδης Γεώργιος) - Νο.3', 4),
(16508, 402, '2015-05-01', '13:00:00', '15:00:00', 'Στοχαστική Ανάλυση (Φ2, Φωτιάδης Γεώργιος) - Νο.3', 4),
(16507, 402, '2015-04-24', '13:00:00', '15:00:00', 'Στοχαστική Ανάλυση (Φ2, Φωτιάδης Γεώργιος) - Νο.3', 4),
(16506, 402, '2015-04-17', '13:00:00', '15:00:00', 'Στοχαστική Ανάλυση (Φ2, Φωτιάδης Γεώργιος) - Νο.3', 4),
(16505, 402, '2015-04-10', '13:00:00', '15:00:00', 'Στοχαστική Ανάλυση (Φ2, Φωτιάδης Γεώργιος) - Νο.3', 4),
(16504, 402, '2015-04-03', '13:00:00', '15:00:00', 'Στοχαστική Ανάλυση (Φ2, Φωτιάδης Γεώργιος) - Νο.3', 4),
(16503, 402, '2015-03-27', '13:00:00', '15:00:00', 'Στοχαστική Ανάλυση (Φ2, Φωτιάδης Γεώργιος) - Νο.3', 4),
(16502, 402, '2015-03-20', '13:00:00', '15:00:00', 'Στοχαστική Ανάλυση (Φ2, Φωτιάδης Γεώργιος) - Νο.3', 4),
(16501, 402, '2015-03-13', '13:00:00', '15:00:00', 'Στοχαστική Ανάλυση (Φ2, Φωτιάδης Γεώργιος) - Νο.3', 4),
(16500, 402, '2015-03-06', '13:00:00', '15:00:00', 'Στοχαστική Ανάλυση (Φ2, Φωτιάδης Γεώργιος) - Νο.3', 4),
(16499, 402, '2015-02-27', '13:00:00', '15:00:00', 'Στοχαστική Ανάλυση (Φ2, Φωτιάδης Γεώργιος) - Νο.3', 4),
(16498, 402, '2015-02-20', '13:00:00', '15:00:00', 'Στοχαστική Ανάλυση (Φ2, Φωτιάδης Γεώργιος) - Νο.3', 4),
(16497, 402, '2015-02-13', '13:00:00', '15:00:00', 'Στοχαστική Ανάλυση (Φ2, Φωτιάδης Γεώργιος) - Νο.3', 4),
(16496, 402, '2015-02-06', '13:00:00', '15:00:00', 'Στοχαστική Ανάλυση (Φ2, Φωτιάδης Γεώργιος) - Νο.3', 4),
(16495, 402, '2015-01-30', '13:00:00', '15:00:00', 'Στοχαστική Ανάλυση (Φ2, Φωτιάδης Γεώργιος) - Νο.3', 4),
(16494, 402, '2015-01-23', '13:00:00', '15:00:00', 'Στοχαστική Ανάλυση (Φ2, Φωτιάδης Γεώργιος) - Νο.3', 4),
(16493, 402, '2015-01-16', '13:00:00', '15:00:00', 'Στοχαστική Ανάλυση (Φ2, Φωτιάδης Γεώργιος) - Νο.3', 4),
(16492, 402, '2015-01-09', '13:00:00', '15:00:00', 'Στοχαστική Ανάλυση (Φ2, Φωτιάδης Γεώργιος) - Νο.3', 4),
(16491, 402, '2015-01-02', '13:00:00', '15:00:00', 'Στοχαστική Ανάλυση (Φ2, Φωτιάδης Γεώργιος) - Νο.3', 4),
(16490, 402, '2014-12-26', '13:00:00', '15:00:00', 'Στοχαστική Ανάλυση (Φ2, Φωτιάδης Γεώργιος) - Νο.3', 4),
(16489, 402, '2014-12-19', '13:00:00', '15:00:00', 'Στοχαστική Ανάλυση (Φ2, Φωτιάδης Γεώργιος) - Νο.3', 4),
(16488, 402, '2014-12-12', '13:00:00', '15:00:00', 'Στοχαστική Ανάλυση (Φ2, Φωτιάδης Γεώργιος) - Νο.3', 4),
(16487, 402, '2014-12-05', '13:00:00', '15:00:00', 'Στοχαστική Ανάλυση (Φ2, Φωτιάδης Γεώργιος) - Νο.3', 4),
(16486, 402, '2014-11-28', '13:00:00', '15:00:00', 'Στοχαστική Ανάλυση (Φ2, Φωτιάδης Γεώργιος) - Νο.3', 4),
(16485, 402, '2014-11-21', '13:00:00', '15:00:00', 'Στοχαστική Ανάλυση (Φ2, Φωτιάδης Γεώργιος) - Νο.3', 4),
(16484, 402, '2014-11-14', '13:00:00', '15:00:00', 'Στοχαστική Ανάλυση (Φ2, Φωτιάδης Γεώργιος) - Νο.3', 4),
(16483, 402, '2014-11-07', '13:00:00', '15:00:00', 'Στοχαστική Ανάλυση (Φ2, Φωτιάδης Γεώργιος) - Νο.3', 4),
(16482, 402, '2014-10-31', '13:00:00', '15:00:00', 'Στοχαστική Ανάλυση (Φ2, Φωτιάδης Γεώργιος) - Νο.3', 4),
(16481, 402, '2014-10-24', '13:00:00', '15:00:00', 'Στοχαστική Ανάλυση (Φ2, Φωτιάδης Γεώργιος) - Νο.3', 4),
(16480, 402, '2014-10-17', '13:00:00', '15:00:00', 'Στοχαστική Ανάλυση (Φ2, Φωτιάδης Γεώργιος) - Νο.3', 4),
(16479, 402, '2014-10-10', '13:00:00', '15:00:00', 'Στοχαστική Ανάλυση (Φ2, Φωτιάδης Γεώργιος) - Νο.3', 4),
(16478, 402, '2014-10-03', '13:00:00', '15:00:00', 'Στοχαστική Ανάλυση (Φ2, Φωτιάδης Γεώργιος) - Νο.3', 4),
(16477, 402, '2014-09-26', '13:00:00', '15:00:00', 'Στοχαστική Ανάλυση (Φ2, Φωτιάδης Γεώργιος) - Νο.3', 4),
(15944, 391, '2015-09-10', '16:00:00', '18:00:00', 'Μεθοδολογίες & Γλώσσες Προγραμματισμού ΙΙ (Ε4, Δούμα Αναστασία) - ΗΛΕΚΤΡΑ', 2),
(15945, 391, '2015-09-17', '16:00:00', '18:00:00', 'Μεθοδολογίες & Γλώσσες Προγραμματισμού ΙΙ (Ε4, Δούμα Αναστασία) - ΗΛΕΚΤΡΑ', 2),
(15946, 391, '2015-09-24', '16:00:00', '18:00:00', 'Μεθοδολογίες & Γλώσσες Προγραμματισμού ΙΙ (Ε4, Δούμα Αναστασία) - ΗΛΕΚΤΡΑ', 2),
(15947, 392, '2014-09-25', '18:00:00', '21:00:00', 'Δομές Δεδομένων (Θ1, Ριζομυλιώτης Παναγιώτης) - Ν. Σχολικό', 3),
(15948, 392, '2014-10-02', '18:00:00', '21:00:00', 'Δομές Δεδομένων (Θ1, Ριζομυλιώτης Παναγιώτης) - Ν. Σχολικό', 3),
(15949, 392, '2014-10-09', '18:00:00', '21:00:00', 'Δομές Δεδομένων (Θ1, Ριζομυλιώτης Παναγιώτης) - Ν. Σχολικό', 3),
(15950, 392, '2014-10-16', '18:00:00', '21:00:00', 'Δομές Δεδομένων (Θ1, Ριζομυλιώτης Παναγιώτης) - Ν. Σχολικό', 3),
(15951, 392, '2014-10-23', '18:00:00', '21:00:00', 'Δομές Δεδομένων (Θ1, Ριζομυλιώτης Παναγιώτης) - Ν. Σχολικό', 3),
(15952, 392, '2014-10-30', '18:00:00', '21:00:00', 'Δομές Δεδομένων (Θ1, Ριζομυλιώτης Παναγιώτης) - Ν. Σχολικό', 3),
(15953, 392, '2014-11-06', '18:00:00', '21:00:00', 'Δομές Δεδομένων (Θ1, Ριζομυλιώτης Παναγιώτης) - Ν. Σχολικό', 3),
(15954, 392, '2014-11-13', '18:00:00', '21:00:00', 'Δομές Δεδομένων (Θ1, Ριζομυλιώτης Παναγιώτης) - Ν. Σχολικό', 3),
(15955, 392, '2014-11-20', '18:00:00', '21:00:00', 'Δομές Δεδομένων (Θ1, Ριζομυλιώτης Παναγιώτης) - Ν. Σχολικό', 3),
(15956, 392, '2014-11-27', '18:00:00', '21:00:00', 'Δομές Δεδομένων (Θ1, Ριζομυλιώτης Παναγιώτης) - Ν. Σχολικό', 3),
(15957, 392, '2014-12-04', '18:00:00', '21:00:00', 'Δομές Δεδομένων (Θ1, Ριζομυλιώτης Παναγιώτης) - Ν. Σχολικό', 3),
(15958, 392, '2014-12-11', '18:00:00', '21:00:00', 'Δομές Δεδομένων (Θ1, Ριζομυλιώτης Παναγιώτης) - Ν. Σχολικό', 3),
(15959, 392, '2014-12-18', '18:00:00', '21:00:00', 'Δομές Δεδομένων (Θ1, Ριζομυλιώτης Παναγιώτης) - Ν. Σχολικό', 3),
(15960, 392, '2014-12-25', '18:00:00', '21:00:00', 'Δομές Δεδομένων (Θ1, Ριζομυλιώτης Παναγιώτης) - Ν. Σχολικό', 3),
(15961, 392, '2015-01-01', '18:00:00', '21:00:00', 'Δομές Δεδομένων (Θ1, Ριζομυλιώτης Παναγιώτης) - Ν. Σχολικό', 3),
(15962, 392, '2015-01-08', '18:00:00', '21:00:00', 'Δομές Δεδομένων (Θ1, Ριζομυλιώτης Παναγιώτης) - Ν. Σχολικό', 3),
(15963, 392, '2015-01-15', '18:00:00', '21:00:00', 'Δομές Δεδομένων (Θ1, Ριζομυλιώτης Παναγιώτης) - Ν. Σχολικό', 3),
(15964, 392, '2015-01-22', '18:00:00', '21:00:00', 'Δομές Δεδομένων (Θ1, Ριζομυλιώτης Παναγιώτης) - Ν. Σχολικό', 3),
(15965, 392, '2015-01-29', '18:00:00', '21:00:00', 'Δομές Δεδομένων (Θ1, Ριζομυλιώτης Παναγιώτης) - Ν. Σχολικό', 3),
(15966, 392, '2015-02-05', '18:00:00', '21:00:00', 'Δομές Δεδομένων (Θ1, Ριζομυλιώτης Παναγιώτης) - Ν. Σχολικό', 3),
(15967, 392, '2015-02-12', '18:00:00', '21:00:00', 'Δομές Δεδομένων (Θ1, Ριζομυλιώτης Παναγιώτης) - Ν. Σχολικό', 3),
(15968, 392, '2015-02-19', '18:00:00', '21:00:00', 'Δομές Δεδομένων (Θ1, Ριζομυλιώτης Παναγιώτης) - Ν. Σχολικό', 3),
(15969, 392, '2015-02-26', '18:00:00', '21:00:00', 'Δομές Δεδομένων (Θ1, Ριζομυλιώτης Παναγιώτης) - Ν. Σχολικό', 3),
(15970, 392, '2015-03-05', '18:00:00', '21:00:00', 'Δομές Δεδομένων (Θ1, Ριζομυλιώτης Παναγιώτης) - Ν. Σχολικό', 3),
(15971, 392, '2015-03-12', '18:00:00', '21:00:00', 'Δομές Δεδομένων (Θ1, Ριζομυλιώτης Παναγιώτης) - Ν. Σχολικό', 3),
(15972, 392, '2015-03-19', '18:00:00', '21:00:00', 'Δομές Δεδομένων (Θ1, Ριζομυλιώτης Παναγιώτης) - Ν. Σχολικό', 3),
(15973, 392, '2015-03-26', '18:00:00', '21:00:00', 'Δομές Δεδομένων (Θ1, Ριζομυλιώτης Παναγιώτης) - Ν. Σχολικό', 3),
(15974, 392, '2015-04-02', '18:00:00', '21:00:00', 'Δομές Δεδομένων (Θ1, Ριζομυλιώτης Παναγιώτης) - Ν. Σχολικό', 3),
(15975, 392, '2015-04-09', '18:00:00', '21:00:00', 'Δομές Δεδομένων (Θ1, Ριζομυλιώτης Παναγιώτης) - Ν. Σχολικό', 3),
(15976, 392, '2015-04-16', '18:00:00', '21:00:00', 'Δομές Δεδομένων (Θ1, Ριζομυλιώτης Παναγιώτης) - Ν. Σχολικό', 3),
(15977, 392, '2015-04-23', '18:00:00', '21:00:00', 'Δομές Δεδομένων (Θ1, Ριζομυλιώτης Παναγιώτης) - Ν. Σχολικό', 3),
(15978, 392, '2015-04-30', '18:00:00', '21:00:00', 'Δομές Δεδομένων (Θ1, Ριζομυλιώτης Παναγιώτης) - Ν. Σχολικό', 3),
(15979, 392, '2015-05-07', '18:00:00', '21:00:00', 'Δομές Δεδομένων (Θ1, Ριζομυλιώτης Παναγιώτης) - Ν. Σχολικό', 3),
(15980, 392, '2015-05-14', '18:00:00', '21:00:00', 'Δομές Δεδομένων (Θ1, Ριζομυλιώτης Παναγιώτης) - Ν. Σχολικό', 3),
(15981, 392, '2015-05-21', '18:00:00', '21:00:00', 'Δομές Δεδομένων (Θ1, Ριζομυλιώτης Παναγιώτης) - Ν. Σχολικό', 3),
(15982, 392, '2015-05-28', '18:00:00', '21:00:00', 'Δομές Δεδομένων (Θ1, Ριζομυλιώτης Παναγιώτης) - Ν. Σχολικό', 3),
(15983, 392, '2015-06-04', '18:00:00', '21:00:00', 'Δομές Δεδομένων (Θ1, Ριζομυλιώτης Παναγιώτης) - Ν. Σχολικό', 3),
(15984, 392, '2015-06-11', '18:00:00', '21:00:00', 'Δομές Δεδομένων (Θ1, Ριζομυλιώτης Παναγιώτης) - Ν. Σχολικό', 3),
(15985, 392, '2015-06-18', '18:00:00', '21:00:00', 'Δομές Δεδομένων (Θ1, Ριζομυλιώτης Παναγιώτης) - Ν. Σχολικό', 3),
(15986, 392, '2015-06-25', '18:00:00', '21:00:00', 'Δομές Δεδομένων (Θ1, Ριζομυλιώτης Παναγιώτης) - Ν. Σχολικό', 3),
(15987, 392, '2015-07-02', '18:00:00', '21:00:00', 'Δομές Δεδομένων (Θ1, Ριζομυλιώτης Παναγιώτης) - Ν. Σχολικό', 3),
(15988, 392, '2015-07-09', '18:00:00', '21:00:00', 'Δομές Δεδομένων (Θ1, Ριζομυλιώτης Παναγιώτης) - Ν. Σχολικό', 3),
(15989, 392, '2015-07-16', '18:00:00', '21:00:00', 'Δομές Δεδομένων (Θ1, Ριζομυλιώτης Παναγιώτης) - Ν. Σχολικό', 3),
(15990, 392, '2015-07-23', '18:00:00', '21:00:00', 'Δομές Δεδομένων (Θ1, Ριζομυλιώτης Παναγιώτης) - Ν. Σχολικό', 3),
(15991, 392, '2015-07-30', '18:00:00', '21:00:00', 'Δομές Δεδομένων (Θ1, Ριζομυλιώτης Παναγιώτης) - Ν. Σχολικό', 3),
(15992, 392, '2015-08-06', '18:00:00', '21:00:00', 'Δομές Δεδομένων (Θ1, Ριζομυλιώτης Παναγιώτης) - Ν. Σχολικό', 3),
(15993, 392, '2015-08-13', '18:00:00', '21:00:00', 'Δομές Δεδομένων (Θ1, Ριζομυλιώτης Παναγιώτης) - Ν. Σχολικό', 3),
(15994, 392, '2015-08-20', '18:00:00', '21:00:00', 'Δομές Δεδομένων (Θ1, Ριζομυλιώτης Παναγιώτης) - Ν. Σχολικό', 3),
(15995, 392, '2015-08-27', '18:00:00', '21:00:00', 'Δομές Δεδομένων (Θ1, Ριζομυλιώτης Παναγιώτης) - Ν. Σχολικό', 3),
(15996, 392, '2015-09-03', '18:00:00', '21:00:00', 'Δομές Δεδομένων (Θ1, Ριζομυλιώτης Παναγιώτης) - Ν. Σχολικό', 3),
(15997, 392, '2015-09-10', '18:00:00', '21:00:00', 'Δομές Δεδομένων (Θ1, Ριζομυλιώτης Παναγιώτης) - Ν. Σχολικό', 3),
(15998, 392, '2015-09-17', '18:00:00', '21:00:00', 'Δομές Δεδομένων (Θ1, Ριζομυλιώτης Παναγιώτης) - Ν. Σχολικό', 3),
(15999, 392, '2015-09-24', '18:00:00', '21:00:00', 'Δομές Δεδομένων (Θ1, Ριζομυλιώτης Παναγιώτης) - Ν. Σχολικό', 3),
(16000, 393, '2014-09-26', '09:00:00', '11:00:00', 'Εφαρμοσμένα Μαθηματικά (Φ2, Θεοχαροπούλου Χριστίνα) - Νο.3', 2),
(16001, 393, '2014-10-03', '09:00:00', '11:00:00', 'Εφαρμοσμένα Μαθηματικά (Φ2, Θεοχαροπούλου Χριστίνα) - Νο.3', 2);
INSERT INTO `Event` (`event_id`, `parent_id`, `start_date`, `start_time`, `end_time`, `title`, `duration`) VALUES
(16002, 393, '2014-10-10', '09:00:00', '11:00:00', 'Εφαρμοσμένα Μαθηματικά (Φ2, Θεοχαροπούλου Χριστίνα) - Νο.3', 2),
(16003, 393, '2014-10-17', '09:00:00', '11:00:00', 'Εφαρμοσμένα Μαθηματικά (Φ2, Θεοχαροπούλου Χριστίνα) - Νο.3', 2),
(16004, 393, '2014-10-24', '09:00:00', '11:00:00', 'Εφαρμοσμένα Μαθηματικά (Φ2, Θεοχαροπούλου Χριστίνα) - Νο.3', 2),
(16005, 393, '2014-10-31', '09:00:00', '11:00:00', 'Εφαρμοσμένα Μαθηματικά (Φ2, Θεοχαροπούλου Χριστίνα) - Νο.3', 2),
(16006, 393, '2014-11-07', '09:00:00', '11:00:00', 'Εφαρμοσμένα Μαθηματικά (Φ2, Θεοχαροπούλου Χριστίνα) - Νο.3', 2),
(16007, 393, '2014-11-14', '09:00:00', '11:00:00', 'Εφαρμοσμένα Μαθηματικά (Φ2, Θεοχαροπούλου Χριστίνα) - Νο.3', 2),
(16008, 393, '2014-11-21', '09:00:00', '11:00:00', 'Εφαρμοσμένα Μαθηματικά (Φ2, Θεοχαροπούλου Χριστίνα) - Νο.3', 2),
(16009, 393, '2014-11-28', '09:00:00', '11:00:00', 'Εφαρμοσμένα Μαθηματικά (Φ2, Θεοχαροπούλου Χριστίνα) - Νο.3', 2),
(16010, 393, '2014-12-05', '09:00:00', '11:00:00', 'Εφαρμοσμένα Μαθηματικά (Φ2, Θεοχαροπούλου Χριστίνα) - Νο.3', 2),
(16011, 393, '2014-12-12', '09:00:00', '11:00:00', 'Εφαρμοσμένα Μαθηματικά (Φ2, Θεοχαροπούλου Χριστίνα) - Νο.3', 2),
(16012, 393, '2014-12-19', '09:00:00', '11:00:00', 'Εφαρμοσμένα Μαθηματικά (Φ2, Θεοχαροπούλου Χριστίνα) - Νο.3', 2),
(16013, 393, '2014-12-26', '09:00:00', '11:00:00', 'Εφαρμοσμένα Μαθηματικά (Φ2, Θεοχαροπούλου Χριστίνα) - Νο.3', 2),
(16014, 393, '2015-01-02', '09:00:00', '11:00:00', 'Εφαρμοσμένα Μαθηματικά (Φ2, Θεοχαροπούλου Χριστίνα) - Νο.3', 2),
(16015, 393, '2015-01-09', '09:00:00', '11:00:00', 'Εφαρμοσμένα Μαθηματικά (Φ2, Θεοχαροπούλου Χριστίνα) - Νο.3', 2),
(16016, 393, '2015-01-16', '09:00:00', '11:00:00', 'Εφαρμοσμένα Μαθηματικά (Φ2, Θεοχαροπούλου Χριστίνα) - Νο.3', 2),
(16017, 393, '2015-01-23', '09:00:00', '11:00:00', 'Εφαρμοσμένα Μαθηματικά (Φ2, Θεοχαροπούλου Χριστίνα) - Νο.3', 2),
(16018, 393, '2015-01-30', '09:00:00', '11:00:00', 'Εφαρμοσμένα Μαθηματικά (Φ2, Θεοχαροπούλου Χριστίνα) - Νο.3', 2),
(16019, 393, '2015-02-06', '09:00:00', '11:00:00', 'Εφαρμοσμένα Μαθηματικά (Φ2, Θεοχαροπούλου Χριστίνα) - Νο.3', 2),
(16020, 393, '2015-02-13', '09:00:00', '11:00:00', 'Εφαρμοσμένα Μαθηματικά (Φ2, Θεοχαροπούλου Χριστίνα) - Νο.3', 2),
(16021, 393, '2015-02-20', '09:00:00', '11:00:00', 'Εφαρμοσμένα Μαθηματικά (Φ2, Θεοχαροπούλου Χριστίνα) - Νο.3', 2),
(16022, 393, '2015-02-27', '09:00:00', '11:00:00', 'Εφαρμοσμένα Μαθηματικά (Φ2, Θεοχαροπούλου Χριστίνα) - Νο.3', 2),
(16023, 393, '2015-03-06', '09:00:00', '11:00:00', 'Εφαρμοσμένα Μαθηματικά (Φ2, Θεοχαροπούλου Χριστίνα) - Νο.3', 2),
(16024, 393, '2015-03-13', '09:00:00', '11:00:00', 'Εφαρμοσμένα Μαθηματικά (Φ2, Θεοχαροπούλου Χριστίνα) - Νο.3', 2),
(16025, 393, '2015-03-20', '09:00:00', '11:00:00', 'Εφαρμοσμένα Μαθηματικά (Φ2, Θεοχαροπούλου Χριστίνα) - Νο.3', 2),
(16026, 393, '2015-03-27', '09:00:00', '11:00:00', 'Εφαρμοσμένα Μαθηματικά (Φ2, Θεοχαροπούλου Χριστίνα) - Νο.3', 2),
(16027, 393, '2015-04-03', '09:00:00', '11:00:00', 'Εφαρμοσμένα Μαθηματικά (Φ2, Θεοχαροπούλου Χριστίνα) - Νο.3', 2),
(16028, 393, '2015-04-10', '09:00:00', '11:00:00', 'Εφαρμοσμένα Μαθηματικά (Φ2, Θεοχαροπούλου Χριστίνα) - Νο.3', 2),
(16029, 393, '2015-04-17', '09:00:00', '11:00:00', 'Εφαρμοσμένα Μαθηματικά (Φ2, Θεοχαροπούλου Χριστίνα) - Νο.3', 2),
(16030, 393, '2015-04-24', '09:00:00', '11:00:00', 'Εφαρμοσμένα Μαθηματικά (Φ2, Θεοχαροπούλου Χριστίνα) - Νο.3', 2),
(16031, 393, '2015-05-01', '09:00:00', '11:00:00', 'Εφαρμοσμένα Μαθηματικά (Φ2, Θεοχαροπούλου Χριστίνα) - Νο.3', 2),
(16032, 393, '2015-05-08', '09:00:00', '11:00:00', 'Εφαρμοσμένα Μαθηματικά (Φ2, Θεοχαροπούλου Χριστίνα) - Νο.3', 2),
(16033, 393, '2015-05-15', '09:00:00', '11:00:00', 'Εφαρμοσμένα Μαθηματικά (Φ2, Θεοχαροπούλου Χριστίνα) - Νο.3', 2),
(16034, 393, '2015-05-22', '09:00:00', '11:00:00', 'Εφαρμοσμένα Μαθηματικά (Φ2, Θεοχαροπούλου Χριστίνα) - Νο.3', 2),
(16035, 393, '2015-05-29', '09:00:00', '11:00:00', 'Εφαρμοσμένα Μαθηματικά (Φ2, Θεοχαροπούλου Χριστίνα) - Νο.3', 2),
(16036, 393, '2015-06-05', '09:00:00', '11:00:00', 'Εφαρμοσμένα Μαθηματικά (Φ2, Θεοχαροπούλου Χριστίνα) - Νο.3', 2),
(16037, 393, '2015-06-12', '09:00:00', '11:00:00', 'Εφαρμοσμένα Μαθηματικά (Φ2, Θεοχαροπούλου Χριστίνα) - Νο.3', 2),
(16038, 393, '2015-06-19', '09:00:00', '11:00:00', 'Εφαρμοσμένα Μαθηματικά (Φ2, Θεοχαροπούλου Χριστίνα) - Νο.3', 2),
(16039, 393, '2015-06-26', '09:00:00', '11:00:00', 'Εφαρμοσμένα Μαθηματικά (Φ2, Θεοχαροπούλου Χριστίνα) - Νο.3', 2),
(16040, 393, '2015-07-03', '09:00:00', '11:00:00', 'Εφαρμοσμένα Μαθηματικά (Φ2, Θεοχαροπούλου Χριστίνα) - Νο.3', 2),
(16041, 393, '2015-07-10', '09:00:00', '11:00:00', 'Εφαρμοσμένα Μαθηματικά (Φ2, Θεοχαροπούλου Χριστίνα) - Νο.3', 2),
(16042, 393, '2015-07-17', '09:00:00', '11:00:00', 'Εφαρμοσμένα Μαθηματικά (Φ2, Θεοχαροπούλου Χριστίνα) - Νο.3', 2),
(16043, 393, '2015-07-24', '09:00:00', '11:00:00', 'Εφαρμοσμένα Μαθηματικά (Φ2, Θεοχαροπούλου Χριστίνα) - Νο.3', 2),
(16044, 393, '2015-07-31', '09:00:00', '11:00:00', 'Εφαρμοσμένα Μαθηματικά (Φ2, Θεοχαροπούλου Χριστίνα) - Νο.3', 2),
(16045, 393, '2015-08-07', '09:00:00', '11:00:00', 'Εφαρμοσμένα Μαθηματικά (Φ2, Θεοχαροπούλου Χριστίνα) - Νο.3', 2),
(16046, 393, '2015-08-14', '09:00:00', '11:00:00', 'Εφαρμοσμένα Μαθηματικά (Φ2, Θεοχαροπούλου Χριστίνα) - Νο.3', 2),
(16047, 393, '2015-08-21', '09:00:00', '11:00:00', 'Εφαρμοσμένα Μαθηματικά (Φ2, Θεοχαροπούλου Χριστίνα) - Νο.3', 2),
(16048, 393, '2015-08-28', '09:00:00', '11:00:00', 'Εφαρμοσμένα Μαθηματικά (Φ2, Θεοχαροπούλου Χριστίνα) - Νο.3', 2),
(16049, 393, '2015-09-04', '09:00:00', '11:00:00', 'Εφαρμοσμένα Μαθηματικά (Φ2, Θεοχαροπούλου Χριστίνα) - Νο.3', 2),
(16050, 393, '2015-09-11', '09:00:00', '11:00:00', 'Εφαρμοσμένα Μαθηματικά (Φ2, Θεοχαροπούλου Χριστίνα) - Νο.3', 2),
(16051, 393, '2015-09-18', '09:00:00', '11:00:00', 'Εφαρμοσμένα Μαθηματικά (Φ2, Θεοχαροπούλου Χριστίνα) - Νο.3', 2),
(16052, 393, '2015-09-25', '09:00:00', '11:00:00', 'Εφαρμοσμένα Μαθηματικά (Φ2, Θεοχαροπούλου Χριστίνα) - Νο.3', 2),
(16053, 394, '2014-09-26', '11:00:00', '13:00:00', 'Στοχαστική Ανάλυση (Φ1, Φωτιάδης Γεώργιος) - Νο.3', 4),
(16054, 394, '2014-10-03', '11:00:00', '13:00:00', 'Στοχαστική Ανάλυση (Φ1, Φωτιάδης Γεώργιος) - Νο.3', 4),
(16055, 394, '2014-10-10', '11:00:00', '13:00:00', 'Στοχαστική Ανάλυση (Φ1, Φωτιάδης Γεώργιος) - Νο.3', 4),
(16056, 394, '2014-10-17', '11:00:00', '13:00:00', 'Στοχαστική Ανάλυση (Φ1, Φωτιάδης Γεώργιος) - Νο.3', 4),
(16057, 394, '2014-10-24', '11:00:00', '13:00:00', 'Στοχαστική Ανάλυση (Φ1, Φωτιάδης Γεώργιος) - Νο.3', 4),
(16058, 394, '2014-10-31', '11:00:00', '13:00:00', 'Στοχαστική Ανάλυση (Φ1, Φωτιάδης Γεώργιος) - Νο.3', 4),
(16059, 394, '2014-11-07', '11:00:00', '13:00:00', 'Στοχαστική Ανάλυση (Φ1, Φωτιάδης Γεώργιος) - Νο.3', 4),
(16060, 394, '2014-11-14', '11:00:00', '13:00:00', 'Στοχαστική Ανάλυση (Φ1, Φωτιάδης Γεώργιος) - Νο.3', 4),
(16061, 394, '2014-11-21', '11:00:00', '13:00:00', 'Στοχαστική Ανάλυση (Φ1, Φωτιάδης Γεώργιος) - Νο.3', 4),
(16062, 394, '2014-11-28', '11:00:00', '13:00:00', 'Στοχαστική Ανάλυση (Φ1, Φωτιάδης Γεώργιος) - Νο.3', 4),
(16063, 394, '2014-12-05', '11:00:00', '13:00:00', 'Στοχαστική Ανάλυση (Φ1, Φωτιάδης Γεώργιος) - Νο.3', 4),
(16064, 394, '2014-12-12', '11:00:00', '13:00:00', 'Στοχαστική Ανάλυση (Φ1, Φωτιάδης Γεώργιος) - Νο.3', 4),
(16065, 394, '2014-12-19', '11:00:00', '13:00:00', 'Στοχαστική Ανάλυση (Φ1, Φωτιάδης Γεώργιος) - Νο.3', 4),
(16066, 394, '2014-12-26', '11:00:00', '13:00:00', 'Στοχαστική Ανάλυση (Φ1, Φωτιάδης Γεώργιος) - Νο.3', 4),
(16067, 394, '2015-01-02', '11:00:00', '13:00:00', 'Στοχαστική Ανάλυση (Φ1, Φωτιάδης Γεώργιος) - Νο.3', 4),
(16068, 394, '2015-01-09', '11:00:00', '13:00:00', 'Στοχαστική Ανάλυση (Φ1, Φωτιάδης Γεώργιος) - Νο.3', 4),
(16069, 394, '2015-01-16', '11:00:00', '13:00:00', 'Στοχαστική Ανάλυση (Φ1, Φωτιάδης Γεώργιος) - Νο.3', 4),
(16070, 394, '2015-01-23', '11:00:00', '13:00:00', 'Στοχαστική Ανάλυση (Φ1, Φωτιάδης Γεώργιος) - Νο.3', 4),
(16071, 394, '2015-01-30', '11:00:00', '13:00:00', 'Στοχαστική Ανάλυση (Φ1, Φωτιάδης Γεώργιος) - Νο.3', 4),
(16072, 394, '2015-02-06', '11:00:00', '13:00:00', 'Στοχαστική Ανάλυση (Φ1, Φωτιάδης Γεώργιος) - Νο.3', 4),
(16073, 394, '2015-02-13', '11:00:00', '13:00:00', 'Στοχαστική Ανάλυση (Φ1, Φωτιάδης Γεώργιος) - Νο.3', 4),
(16074, 394, '2015-02-20', '11:00:00', '13:00:00', 'Στοχαστική Ανάλυση (Φ1, Φωτιάδης Γεώργιος) - Νο.3', 4),
(16075, 394, '2015-02-27', '11:00:00', '13:00:00', 'Στοχαστική Ανάλυση (Φ1, Φωτιάδης Γεώργιος) - Νο.3', 4),
(16076, 394, '2015-03-06', '11:00:00', '13:00:00', 'Στοχαστική Ανάλυση (Φ1, Φωτιάδης Γεώργιος) - Νο.3', 4),
(16077, 394, '2015-03-13', '11:00:00', '13:00:00', 'Στοχαστική Ανάλυση (Φ1, Φωτιάδης Γεώργιος) - Νο.3', 4),
(16078, 394, '2015-03-20', '11:00:00', '13:00:00', 'Στοχαστική Ανάλυση (Φ1, Φωτιάδης Γεώργιος) - Νο.3', 4),
(16079, 394, '2015-03-27', '11:00:00', '13:00:00', 'Στοχαστική Ανάλυση (Φ1, Φωτιάδης Γεώργιος) - Νο.3', 4),
(16080, 394, '2015-04-03', '11:00:00', '13:00:00', 'Στοχαστική Ανάλυση (Φ1, Φωτιάδης Γεώργιος) - Νο.3', 4),
(16081, 394, '2015-04-10', '11:00:00', '13:00:00', 'Στοχαστική Ανάλυση (Φ1, Φωτιάδης Γεώργιος) - Νο.3', 4),
(16082, 394, '2015-04-17', '11:00:00', '13:00:00', 'Στοχαστική Ανάλυση (Φ1, Φωτιάδης Γεώργιος) - Νο.3', 4),
(16083, 394, '2015-04-24', '11:00:00', '13:00:00', 'Στοχαστική Ανάλυση (Φ1, Φωτιάδης Γεώργιος) - Νο.3', 4),
(16084, 394, '2015-05-01', '11:00:00', '13:00:00', 'Στοχαστική Ανάλυση (Φ1, Φωτιάδης Γεώργιος) - Νο.3', 4),
(16085, 394, '2015-05-08', '11:00:00', '13:00:00', 'Στοχαστική Ανάλυση (Φ1, Φωτιάδης Γεώργιος) - Νο.3', 4),
(16086, 394, '2015-05-15', '11:00:00', '13:00:00', 'Στοχαστική Ανάλυση (Φ1, Φωτιάδης Γεώργιος) - Νο.3', 4),
(16087, 394, '2015-05-22', '11:00:00', '13:00:00', 'Στοχαστική Ανάλυση (Φ1, Φωτιάδης Γεώργιος) - Νο.3', 4),
(16088, 394, '2015-05-29', '11:00:00', '13:00:00', 'Στοχαστική Ανάλυση (Φ1, Φωτιάδης Γεώργιος) - Νο.3', 4),
(16089, 394, '2015-06-05', '11:00:00', '13:00:00', 'Στοχαστική Ανάλυση (Φ1, Φωτιάδης Γεώργιος) - Νο.3', 4),
(16090, 394, '2015-06-12', '11:00:00', '13:00:00', 'Στοχαστική Ανάλυση (Φ1, Φωτιάδης Γεώργιος) - Νο.3', 4),
(16091, 394, '2015-06-19', '11:00:00', '13:00:00', 'Στοχαστική Ανάλυση (Φ1, Φωτιάδης Γεώργιος) - Νο.3', 4),
(16092, 394, '2015-06-26', '11:00:00', '13:00:00', 'Στοχαστική Ανάλυση (Φ1, Φωτιάδης Γεώργιος) - Νο.3', 4),
(16093, 394, '2015-07-03', '11:00:00', '13:00:00', 'Στοχαστική Ανάλυση (Φ1, Φωτιάδης Γεώργιος) - Νο.3', 4),
(16094, 394, '2015-07-10', '11:00:00', '13:00:00', 'Στοχαστική Ανάλυση (Φ1, Φωτιάδης Γεώργιος) - Νο.3', 4),
(16095, 394, '2015-07-17', '11:00:00', '13:00:00', 'Στοχαστική Ανάλυση (Φ1, Φωτιάδης Γεώργιος) - Νο.3', 4),
(16096, 394, '2015-07-24', '11:00:00', '13:00:00', 'Στοχαστική Ανάλυση (Φ1, Φωτιάδης Γεώργιος) - Νο.3', 4),
(16097, 394, '2015-07-31', '11:00:00', '13:00:00', 'Στοχαστική Ανάλυση (Φ1, Φωτιάδης Γεώργιος) - Νο.3', 4),
(16098, 394, '2015-08-07', '11:00:00', '13:00:00', 'Στοχαστική Ανάλυση (Φ1, Φωτιάδης Γεώργιος) - Νο.3', 4),
(16099, 394, '2015-08-14', '11:00:00', '13:00:00', 'Στοχαστική Ανάλυση (Φ1, Φωτιάδης Γεώργιος) - Νο.3', 4),
(16100, 394, '2015-08-21', '11:00:00', '13:00:00', 'Στοχαστική Ανάλυση (Φ1, Φωτιάδης Γεώργιος) - Νο.3', 4),
(16101, 394, '2015-08-28', '11:00:00', '13:00:00', 'Στοχαστική Ανάλυση (Φ1, Φωτιάδης Γεώργιος) - Νο.3', 4),
(16102, 394, '2015-09-04', '11:00:00', '13:00:00', 'Στοχαστική Ανάλυση (Φ1, Φωτιάδης Γεώργιος) - Νο.3', 4),
(16103, 394, '2015-09-11', '11:00:00', '13:00:00', 'Στοχαστική Ανάλυση (Φ1, Φωτιάδης Γεώργιος) - Νο.3', 4),
(16104, 394, '2015-09-18', '11:00:00', '13:00:00', 'Στοχαστική Ανάλυση (Φ1, Φωτιάδης Γεώργιος) - Νο.3', 4),
(16105, 394, '2015-09-25', '11:00:00', '13:00:00', 'Στοχαστική Ανάλυση (Φ1, Φωτιάδης Γεώργιος) - Νο.3', 4);

-- --------------------------------------------------------

--
-- Table structure for table `Event_Parent`
--

CREATE TABLE IF NOT EXISTS `Event_Parent` (
  `parent_id` int(30) unsigned NOT NULL AUTO_INCREMENT,
  `title` varchar(200) COLLATE utf8_unicode_ci DEFAULT NULL,
  `weekday` int(1) DEFAULT NULL,
  `start_date` date DEFAULT NULL,
  `start_time` time DEFAULT NULL,
  `end_time` time DEFAULT NULL,
  `repeats` tinyint(1) DEFAULT NULL,
  `repeat_freq` tinyint(1) DEFAULT NULL,
  `ID_Anathesis` int(11) NOT NULL,
  `ID_Aithousas` int(30) NOT NULL,
  PRIMARY KEY (`parent_id`)
) ENGINE=MyISAM  DEFAULT CHARSET=utf8 COLLATE=utf8_unicode_ci AUTO_INCREMENT=417 ;

--
-- Dumping data for table `Event_Parent`
--

INSERT INTO `Event_Parent` (`parent_id`, `title`, `weekday`, `start_date`, `start_time`, `end_time`, `repeats`, `repeat_freq`, `ID_Anathesis`, `ID_Aithousas`) VALUES
(402, 'Στοχαστική Ανάλυση (Φ2, Φωτιάδης Γεώργιος) - Νο.3', 5, '2014-09-26', '13:00:00', '15:00:00', 1, 7, 184, 3),
(413, 'Εισαγωγή στον Προγραμματισμό (Θ1, Δρόσος Δημήτριος) - Νο.1', 1, '2014-09-22', '09:00:00', '12:00:00', 1, 7, 190, 2),
(414, 'Εισαγωγή στον Προγραμματισμό (Ε1, Δούμα Αναστασία) - ΑΛΚΜΗΝΗ', 1, '2014-09-22', '12:00:00', '15:00:00', 1, 7, 191, 11),
(415, 'Διακριτά Μαθηματικά Ι (Φ2, Θεοχαροπούλου Χριστίνα) - ΑΛΚΜΗΝΗ', 2, '2014-09-23', '10:00:00', '13:00:00', 1, 7, 189, 11),
(378, 'Στοχαστική Ανάλυση (Θ1, Κωνσταντίνου Ελισάβετ) - Ν. Σχολικό', 1, '2014-09-22', '15:00:00', '18:00:00', 1, 7, 185, 9),
(376, 'Δομές Δεδομένων (Ε3, Δούμα Αναστασία) - ΗΛΕΚΤΡΑ', 3, '2014-09-24', '13:00:00', '15:00:00', 1, 7, 172, 10),
(377, 'Δομές Δεδομένων (Ε4, Δούμα Αναστασία) - ΗΛΕΚΤΡΑ', 4, '2014-09-25', '12:00:00', '14:00:00', 1, 7, 173, 10),
(374, 'Δομές Δεδομένων (Ε2, Δούμα Αναστασία) - ΗΛΕΚΤΡΑ', 2, '2014-09-23', '13:00:00', '15:00:00', 1, 7, 171, 10),
(373, 'Δομές Δεδομένων (Ε1, Δούμα Αναστασία) - ΗΛΕΚΤΡΑ', 1, '2014-09-22', '13:00:00', '15:00:00', 1, 7, 170, 10),
(372, 'Μεθοδολογίες & Γλώσσες Προγραμματισμού ΙΙ (Θ1, Καμπουράκης Γεώργιος) - Νο.3', 1, '2014-09-22', '09:00:00', '12:00:00', 1, 7, 160, 3),
(393, 'Εφαρμοσμένα Μαθηματικά (Φ2, Θεοχαροπούλου Χριστίνα) - Νο.3', 5, '2014-09-26', '09:00:00', '11:00:00', 1, 7, 182, 3),
(394, 'Στοχαστική Ανάλυση (Φ1, Φωτιάδης Γεώργιος) - Νο.3', 5, '2014-09-26', '11:00:00', '13:00:00', 1, 7, 183, 3),
(392, 'Δομές Δεδομένων (Θ1, Ριζομυλιώτης Παναγιώτης) - Ν. Σχολικό', 4, '2014-09-25', '18:00:00', '21:00:00', 1, 7, 169, 9),
(391, 'Μεθοδολογίες & Γλώσσες Προγραμματισμού ΙΙ (Ε4, Δούμα Αναστασία) - ΗΛΕΚΤΡΑ', 4, '2014-09-25', '16:00:00', '18:00:00', 1, 7, 177, 10),
(390, 'Μεθοδολογίες & Γλώσσες Προγραμματισμού ΙΙ (Ε3, Δούμα Αναστασία) - ΗΛΕΚΤΡΑ', 4, '2014-09-25', '14:00:00', '16:00:00', 1, 7, 176, 10),
(389, 'Εφαρμοσμένα Μαθηματικά (Φ1, Θεοχαροπούλου Χριστίνα) - Νο.1', 4, '2014-09-25', '09:00:00', '11:00:00', 1, 7, 181, 2),
(388, 'Αγγλικά 3 (Ε1, Λάνδρου Ευτυχία) - ΑΛΚΜΗΝΗ', 3, '2014-09-24', '19:00:00', '21:00:00', 1, 7, 180, 11),
(379, 'Αρχιτεκτονική Υπολογιστών (Θ1, Γκουμόπουλος Χρήστος) - Νο.1', 1, '2014-09-22', '18:00:00', '21:00:00', 1, 7, 165, 2),
(380, 'Εφαρμοσμένα Μαθηματικά (Θ1, Κωνσταντίνου Ελισάβετ) - Νο.3', 2, '2014-09-23', '09:00:00', '12:00:00', 1, 7, 166, 3),
(382, 'Αρχιτεκτονική Υπολογιστών (Ε1, Καρύμπαλη Ειρήνη) - ΗΛΕΚΤΡΑ', 2, '2014-09-23', '15:00:00', '17:00:00', 1, 7, 178, 10),
(383, 'Μεθοδολογίες & Γλώσσες Προγραμματισμού ΙΙ (Ε1, Δούμα Αναστασία) - ΗΛΕΚΤΡΑ', 2, '2014-09-23', '17:00:00', '19:00:00', 1, 7, 174, 10),
(384, 'Μεθοδολογίες & Γλώσσες Προγραμματισμού ΙΙ (Ε2, Δούμα Αναστασία) - ΗΛΕΚΤΡΑ', 2, '2014-09-23', '19:00:00', '21:00:00', 1, 7, 175, 10),
(385, 'Υπολογιστική Λογική & Λογικός Προγραμματισμός (Ε1, Σταματάτος Ευστάθιος) - Νο.1', 3, '2014-09-24', '09:00:00', '11:00:00', 1, 7, 179, 2),
(386, 'Αγγλικά 3 (Θ1, Δανούσης Γιώργος) - Νο.3', 3, '2014-09-24', '11:00:00', '12:00:00', 1, 7, 167, 3),
(387, 'Υπολογιστική Λογική & Λογικός Προγραμματισμός (Θ1, Σταματάτος Ευστάθιος) - Ν. Σχολικό', 3, '2014-09-24', '15:00:00', '18:00:00', 1, 7, 168, 9);

-- --------------------------------------------------------

--
-- Table structure for table `Hour`
--

CREATE TABLE IF NOT EXISTS `Hour` (
  `ID_Hour` int(2) NOT NULL,
  `perigrafi` varchar(30) NOT NULL,
  PRIMARY KEY (`ID_Hour`)
) ENGINE=MyISAM DEFAULT CHARSET=utf8;

--
-- Dumping data for table `Hour`
--

INSERT INTO `Hour` (`ID_Hour`, `perigrafi`) VALUES
(9, '09.00'),
(10, '10.00'),
(11, '11.00'),
(12, '12.00'),
(13, '13.00'),
(14, '14.00'),
(15, '15.00'),
(16, '16.00'),
(17, '17.00'),
(18, '18.00'),
(19, '19.00'),
(20, '20.00');

-- --------------------------------------------------------

--
-- Table structure for table `Hour_Per_Day`
--

CREATE TABLE IF NOT EXISTS `Hour_Per_Day` (
  `ID_Hour_Per_Day` int(3) NOT NULL AUTO_INCREMENT,
  `ID_Hour` int(2) NOT NULL,
  `ID_Day` int(2) NOT NULL,
  PRIMARY KEY (`ID_Hour_Per_Day`)
) ENGINE=MyISAM  DEFAULT CHARSET=utf8 AUTO_INCREMENT=85 ;

--
-- Dumping data for table `Hour_Per_Day`
--

INSERT INTO `Hour_Per_Day` (`ID_Hour_Per_Day`, `ID_Hour`, `ID_Day`) VALUES
(1, 9, 1),
(2, 10, 1),
(3, 11, 1),
(4, 12, 1),
(5, 13, 1),
(6, 14, 1),
(7, 15, 1),
(8, 16, 1),
(9, 17, 1),
(10, 18, 1),
(11, 19, 1),
(12, 20, 1),
(13, 9, 2),
(14, 10, 2),
(15, 11, 2),
(16, 12, 2),
(17, 13, 2),
(18, 14, 2),
(19, 15, 2),
(20, 16, 2),
(21, 17, 2),
(22, 18, 2),
(23, 19, 2),
(24, 20, 2),
(25, 9, 3),
(26, 10, 3),
(27, 11, 3),
(28, 12, 3),
(29, 13, 3),
(30, 14, 3),
(31, 15, 3),
(32, 16, 3),
(33, 17, 3),
(34, 18, 3),
(35, 19, 3),
(36, 20, 3),
(37, 9, 4),
(38, 10, 4),
(39, 11, 4),
(40, 12, 4),
(41, 13, 4),
(42, 14, 4),
(43, 15, 4),
(44, 16, 4),
(45, 17, 4),
(46, 18, 4),
(47, 19, 4),
(48, 20, 4),
(49, 9, 5),
(50, 10, 5),
(51, 11, 5),
(52, 12, 5),
(53, 13, 5),
(54, 14, 5),
(55, 15, 5),
(56, 16, 5),
(57, 17, 5),
(58, 18, 5),
(59, 19, 5),
(60, 20, 5),
(61, 9, 6),
(62, 10, 6),
(63, 11, 6),
(64, 12, 6),
(65, 13, 6),
(66, 14, 6),
(67, 15, 6),
(68, 16, 6),
(69, 17, 6),
(70, 18, 6),
(71, 19, 6),
(72, 20, 6),
(73, 9, 0),
(74, 10, 0),
(75, 11, 0),
(76, 12, 0),
(77, 13, 0),
(78, 14, 0),
(79, 15, 0),
(80, 16, 0),
(81, 17, 0),
(82, 18, 0),
(83, 19, 0),
(84, 20, 0);

-- --------------------------------------------------------

--
-- Table structure for table `Ktirio`
--

CREATE TABLE IF NOT EXISTS `Ktirio` (
  `ID_Ktiriou` int(2) NOT NULL,
  `onoma` varchar(30) NOT NULL,
  PRIMARY KEY (`ID_Ktiriou`)
) ENGINE=MyISAM DEFAULT CHARSET=utf8;

--
-- Dumping data for table `Ktirio`
--

INSERT INTO `Ktirio` (`ID_Ktiriou`, `onoma`) VALUES
(1, 'Προβατάρη (Λιμάνι)'),
(2, 'Σχολικό Συγκρότημα (Μεσαίο Καρ'),
(3, 'Λυμπέρη (Νέο Καρλόβασι) '),
(4, 'Νέο Σχολικό Συγκρότημα (Νέο Κα');

-- --------------------------------------------------------

--
-- Table structure for table `Mathima_Orismos`
--

CREATE TABLE IF NOT EXISTS `Mathima_Orismos` (
  `ID_OMathimatos` varchar(10) NOT NULL,
  `onoma` varchar(100) NOT NULL,
  `theoria` int(11) DEFAULT '0' COMMENT 'Ώρες Θεωρίας',
  `ergastirio` int(11) DEFAULT '0' COMMENT 'Ώρες Εργαστηρίου',
  `frontistirio` int(11) DEFAULT '0' COMMENT 'Ώρες Φροντιστηρίου',
  `ID_Eksaminou` int(2) NOT NULL,
  `curriculum` int(1) DEFAULT NULL COMMENT '0: Κορμός, 1: Κατεύθυνση 1, 2: Κατεύθυνση 2, 3: Κατεύθυνση 3, 4: Ελεύθερης Επιλογής, 5: Προαιρετικό',
  `ID_PS` int(2) NOT NULL COMMENT 'Πρόγραμμα Σπουδών (Προπτυχιακό/Μεταπτυχιακό)',
  PRIMARY KEY (`ID_OMathimatos`)
) ENGINE=MyISAM DEFAULT CHARSET=utf8;

--
-- Dumping data for table `Mathima_Orismos`
--

INSERT INTO `Mathima_Orismos` (`ID_OMathimatos`, `onoma`, `theoria`, `ergastirio`, `frontistirio`, `ID_Eksaminou`, `curriculum`, `ID_PS`) VALUES
('321-0121', 'Αγγλικά 1', 3, 1, 0, 1, 0, 1),
('321-1105', 'Μαθηματικός Λογισμός', 3, 0, 2, 1, 0, 1),
('321-1203', 'Εισαγωγή στον Προγραμματισμό', 3, 4, 0, 1, 0, 1),
('321-1406', 'Εισαγωγή στην Επιστήμη των Υπολογιστών & Επικοινωνιών', 3, 0, 0, 1, 0, 1),
('321-1501', 'Διακριτά Μαθηματικά Ι', 3, 0, 2, 1, 0, 1),
('321-2003', 'Λογική Σχεδίαση', 3, 2, 0, 1, 0, 1),
('321-2353', 'Φυσική Ι', 3, 0, 2, 1, 0, 1),
('321-0131', 'Αγγλικά 2', 3, 1, 0, 2, 0, 1),
('321-2051', 'Φυσική ΙΙ', 3, 0, 2, 2, 0, 1),
('321-2103', 'Μεθοδολογίες & Γλώσσες Προγραμματισμού Ι', 4, 2, 0, 2, 0, 1),
('321-2402', 'Πιθανότητες και Στατιστική', 3, 0, 2, 2, 0, 1),
('321-2450', 'Διακριτά Μαθηματικά ΙΙ', 3, 0, 2, 2, 0, 1),
('321-2551', 'Θεωρία Κυκλωμάτων', 3, 0, 2, 2, 0, 1),
('321-3154', 'Γραμμική Άλγεβρα', 3, 0, 2, 2, 0, 1),
('321-0822', 'Γαλλικά 1', 3, 0, 0, 1, 5, 1),
('321-0832', 'Γαλλικά 2', 3, 0, 0, 2, 5, 1),
('321-0141', 'Αγγλικά 3', 1, 2, 0, 3, 0, 1),
('321-3004', 'Δομές Δεδομένων', 3, 2, 0, 3, 0, 1),
('321-3354', 'Αρχιτεκτονική Υπολογιστών', 3, 2, 0, 3, 0, 1),
('321-3551', 'Υπολογιστική Λογική & Λογικός Προγραμματισμός', 3, 2, 0, 3, 0, 1),
('321-3651', 'Μεθοδολογίες & Γλώσσες Προγραμματισμού ΙΙ', 3, 2, 0, 3, 0, 1),
('321-3751', 'Στοχαστική Ανάλυση', 3, 0, 2, 3, 0, 1),
('321-4155', 'Εφαρμοσμένα Μαθηματικά', 3, 0, 2, 3, 0, 1),
('321-0842', 'Γαλλικά 3', 3, 0, 0, 3, 5, 1),
('321-2254', 'Διαφορικές Εξισώσεις', 3, 0, 2, 4, 0, 1),
('321-3104', 'Ανάλυση και Σχεδιασμός Πληροφοριακών Συστημάτων', 4, 0, 0, 4, 0, 1),
('321-3203', 'Βάσεις Δεδομένων Ι', 3, 2, 0, 4, 0, 1),
('321-3302', 'Επικοινωνίες Υπολογιστών', 3, 2, 0, 4, 0, 1),
('321-4102', 'Λειτουργικά Συστήματα', 3, 2, 0, 4, 0, 1),
('321-4201', 'Αλγόριθμοι και Πολυπλοκότητα', 4, 2, 0, 4, 0, 1),
('321-0852', 'Γαλλικά 4', 3, 0, 0, 4, 5, 1),
('321-2304', 'Λειτουργία των Επιχειρήσεων και Πληροφοριακά Συστήματα', 4, 2, 0, 5, 0, 1),
('321-3703', 'Βάσεις Δεδομένων ΙΙ', 3, 2, 0, 5, 0, 1),
('321-4002', 'Τεχνολογία Λογισμικού', 3, 2, 0, 5, 0, 1),
('321-5501', 'Σήματα και Συστήματα', 3, 2, 0, 5, 0, 1),
('321-6451', 'Δίκτυα Υπολογιστών', 3, 2, 0, 5, 0, 1),
('321-8104', 'Διαχείριση Έργων Πληροφορικής', 3, 0, 0, 5, 0, 1),
('321-3404', 'Ασφάλεια Πληροφοριακών και Επικοινωνιακών Συστημάτων', 3, 2, 0, 6, 0, 1),
('321-3452', 'Τηλεπικοινωνίες', 3, 2, 0, 6, 0, 1),
('321-3603', 'Τεχνητή Νοημοσύνη', 4, 2, 0, 6, 0, 1),
('321-5204', 'Κανονιστικό Πλαίσιο στην Κοινωνία της Πληροφορίας', 3, 0, 0, 6, 0, 1),
('321-6503', 'Διοίκηση Πληροφοριακών Συστημάτων', 4, 0, 0, 6, 0, 1),
('321-7951', 'Κατανεμημένα Συστήματα', 3, 2, 0, 6, 0, 1),
('321-9702', 'Ασφάλεια Δικτύων Υπολογιστών και Τεχνολογίες Προστασίας της Ιδιωτικότητας', 3, 2, 0, 7, 1, 1),
('321-5752', 'Προστασία Προσωπικών Δεδομένων', 3, 0, 0, 7, 1, 1),
('321-5154', 'Μεθοδολογίες και Εργαλεία Ανάλυσης και Σχεδιασμού Πληροφοριακών Συστημάτων', 4, 0, 0, 7, 1, 1),
('321-8952', 'Ηλεκτρονική Επιχειρηματικότητα', 3, 0, 0, 7, 1, 1),
('321-9452', 'Προηγμένες Μέθοδοι Διαχείρισης Δεδομένων', 3, 0, 0, 7, 1, 1),
('321-9303', 'Ψηφιακή Επεξεργασία Σήματος', 3, 0, 0, 7, 2, 1),
('321-7902', 'Ηλεκτρονική', 3, 2, 0, 7, 2, 1),
('321-7802', 'Ασύρματες Επικοινωνίες', 3, 2, 0, 7, 2, 1),
('321-8353', 'Διαχείριση Δικτύων', 3, 0, 0, 7, 2, 1),
('321-6701', 'Θεωρία Υπολογισμού', 3, 0, 0, 7, 3, 1),
('321-9854', 'Μαθηματική Μοντελοποίηση', 3, 0, 2, 7, 3, 1),
('321-7752', 'Αναγνώριση Προτύπων & Εφαρμογές στη Ρομποτική', 3, 2, 0, 7, 3, 1),
('321-10000', 'Αλγόριθμοι και Συνδυαστική Βελτιστοποίηση', 3, 0, 0, 7, 3, 1),
('321-0161', 'Αγγλικά (Προετοιμασία για TOEFL)', 3, 0, 0, 7, 5, 1),
('321-8502', 'Συστήματα Υποστήριξης Αποφάσεων', 3, 2, 0, 8, 1, 1),
('321-88102', 'Προγραμματισμός στο Διαδίκτυο', 3, 2, 0, 8, 1, 1),
('321-8205', 'Τεχνολογίες και Εφαρμογές Ηλεκτρονικού Εμπορίου', 3, 2, 0, 8, 1, 1),
('321-3504', 'Μεταγλωττιστές', 3, 0, 0, 8, 1, 1),
('321-7652', 'Θεωρία Συστημάτων', 3, 0, 0, 8, 1, 1),
('321-10201', 'Ανάκτηση Πληροφορίας', 3, 0, 0, 8, 3, 1),
('321-8052', 'Κρυπτογραφία', 3, 0, 0, 8, 1, 1),
('321-6254', 'Πρωτόκολλα και Αρχιτεκτονικές Διαδικτύου', 3, 0, 0, 8, 2, 1),
('321-7255', 'Δίκτυα Κινητών Επικοινωνιών', 3, 2, 0, 8, 2, 1),
('321-9352', 'Ψηφιακή Επεξεργασία Εικόνας', 3, 2, 0, 8, 2, 1),
('321-7000', 'Εκτίμηση Επίδοσης και Προσομοίωση Συστημάτων', 3, 2, 0, 8, 2, 1),
('321-8751', 'Εισαγωγή σε VLSI', 3, 2, 0, 8, 2, 1),
('321-8601', 'Θεωρία Πληροφορίας', 3, 0, 0, 8, 3, 1),
('321-8000', 'Θεωρία Παιγνίων', 3, 0, 0, 8, 3, 1),
('321-88151', 'Δυναμικά Συστήματα', 3, 0, 2, 8, 3, 1),
('321-6353', 'Παράλληλες και Κατανεμημένες Επεξεργασίες', 3, 0, 0, 8, 3, 1),
('321-10751', 'Ασφάλεια Κινητών και Ασύρματων Δικτύων Επικοινωνιών', 3, 0, 0, 8, 4, 1),
('321-5402', 'Στρατηγική και Επενδύσεις Πληροφοριακών Συστημάτων', 3, 0, 0, 9, 1, 1),
('321-7405', 'Μηχανική Γνώσης και Συστήματα Γνώσης', 3, 0, 0, 9, 1, 1),
('321-5605', 'Επικοινωνία Ανθρώπου-Υπολογιστή', 3, 0, 0, 9, 1, 1),
('321-9401', 'Δίκτυα Ευρείας Ζώνης', 3, 0, 0, 9, 2, 1),
('321-10651', 'Δορυφορικές Επικοινωνίες', 3, 2, 0, 9, 2, 1),
('321-7852', 'Μικροεπεξεργαστές', 3, 0, 0, 9, 2, 1),
('321-6554', 'Πολυμέσα', 3, 2, 0, 9, 2, 1),
('321-99000', 'Αριθμητική Ανάλυση', 3, 0, 0, 9, 3, 1),
('321-6605', 'Τεχνητή Όραση', 3, 2, 0, 9, 3, 1),
('321-9001', 'Υπολογιστική Πολυπλοκότητα', 3, 0, 0, 9, 3, 1),
('321-8552', 'Γλωσσική Τεχνολογία', 3, 0, 0, 9, 4, 1),
('321-99100', 'Κανονιστικές και Κοινωνικές Διαστάσεις της ΚτΠ', 3, 0, 0, 9, 4, 1);

-- --------------------------------------------------------

--
-- Table structure for table `Mathima_Typos`
--

CREATE TABLE IF NOT EXISTS `Mathima_Typos` (
  `ID_TMathimatos` int(1) NOT NULL COMMENT '0: Θεωρία, 1: Εργαστήριο, 2: Φροντηστήριο',
  `onoma` varchar(20) NOT NULL,
  PRIMARY KEY (`ID_TMathimatos`)
) ENGINE=MyISAM DEFAULT CHARSET=utf8;

--
-- Dumping data for table `Mathima_Typos`
--

INSERT INTO `Mathima_Typos` (`ID_TMathimatos`, `onoma`) VALUES
(0, 'Θεωρία'),
(1, 'Φροντιστήριο'),
(2, 'Εργαστήριο');

-- --------------------------------------------------------

--
-- Table structure for table `Programma_Spoudwn`
--

CREATE TABLE IF NOT EXISTS `Programma_Spoudwn` (
  `ID_PS` int(2) NOT NULL,
  `perigrafi` varchar(50) NOT NULL,
  PRIMARY KEY (`ID_PS`)
) ENGINE=MyISAM DEFAULT CHARSET=utf8;

--
-- Dumping data for table `Programma_Spoudwn`
--

INSERT INTO `Programma_Spoudwn` (`ID_PS`, `perigrafi`) VALUES
(1, 'Προπτυχιακό'),
(2, 'Μεταπτυχιακό');

-- --------------------------------------------------------

--
-- Table structure for table `Users`
--

CREATE TABLE IF NOT EXISTS `Users` (
  `ID_User` int(11) NOT NULL,
  `type` int(11) NOT NULL COMMENT 'type 0: admin, type 1: schedule creator, type 2: tutor, type 3: grammateia: type 4: student',
  `name` varchar(40) COLLATE utf8_unicode_ci NOT NULL,
  PRIMARY KEY (`ID_User`)
) ENGINE=MyISAM DEFAULT CHARSET=utf8 COLLATE=utf8_unicode_ci;

--
-- Dumping data for table `Users`
--

INSERT INTO `Users` (`ID_User`, `type`, `name`) VALUES
(1, 0, 'Admin Admin'),
(2, 1, 'Creator'),
(3, 2, 'Tutor Tutor'),
(4, 3, 'Grammateia'),
(5, 4, 'Student Studentidis');

-- --------------------------------------------------------

--
-- Table structure for table `Xwritikotita`
--

CREATE TABLE IF NOT EXISTS `Xwritikotita` (
  `ID_Xwritikotitas` int(3) NOT NULL AUTO_INCREMENT,
  `arithmos` int(3) NOT NULL COMMENT 'Αριθμός μικρότερος ή ίσος του Χ',
  PRIMARY KEY (`ID_Xwritikotitas`)
) ENGINE=MyISAM DEFAULT CHARSET=utf8 AUTO_INCREMENT=1 ;

/*!40101 SET CHARACTER_SET_CLIENT=@OLD_CHARACTER_SET_CLIENT */;
/*!40101 SET CHARACTER_SET_RESULTS=@OLD_CHARACTER_SET_RESULTS */;
/*!40101 SET COLLATION_CONNECTION=@OLD_COLLATION_CONNECTION */;
